channel,genre,N
LastWeekTonight,Entertainment,81
Fox News,News & Politics,53
MSNBC,News & Politics,43
Valuetainment,Education,37
The Obama White House,News & Politics,37
Reagan Library,Education,36
HooverInstitution,News & Politics,34
The Hill,News & Politics,30
PowerfulJRE,People & Blogs,24
Team Coco,Comedy,22
NBC News,News & Politics,20
CNN,News & Politics,20
CNBC,News & Politics,20
The Daily Show with Trevor Noah,Comedy,18
Wendover Productions,Education,17
60 Minutes Australia,Entertainment,17
ABC News,News & Politics,15
TEDx Talks,Nonprofits & Activism,14
The Late Show with Stephen Colbert,Entertainment,13
Yahoo Finance,News & Politics,13
Al Jazeera English,News & Politics,13
PBS NewsHour,News & Politics,13
LastWeekTonight,Film & Animation,12
Global News,News & Politics,11
OxfordUnion,News & Politics,11
Sam Chui,Travel & Events,11
ITV News,News & Politics,11
Democracy Now!,News & Politics,11
Kirsten Dirksen,Howto & Style,11
Loudwire,Music,10
The Rubin Report,News & Politics,10
CNBC Television,News & Politics,9
Roots and Refuge Farm,People & Blogs,9
The Eric Metaxas Radio Show,Entertainment,9
TODAY,News & Politics,8
CBS News,News & Politics,8
TheEllenShow,Entertainment,8
truly,News & Politics,8
History Buffs,Education,7
BuzzFeed Multiplayer,People & Blogs,7
Good Morning Britain,Entertainment,7
KONCRETE Podcast,Entertainment,7
FOX 10 Phoenix,News & Politics,7
Al Jazeera English,Entertainment,7
Late Night with Seth Meyers,Comedy,6
CBC News,News & Politics,6
Politics and Prose,News & Politics,6
Yad Vashem,Education,6
Experience Egypt,Autos & Vehicles,5
Living Big In A Tiny House,Howto & Style,5
criminals and crime fighters,People & Blogs,5
Advoko MAKES,Film & Animation,5
Tom McElroy-Wild Survival,People & Blogs,4
The Modern Home Project,Howto & Style,4
Bloomberg,News & Politics,4
VICE News,News & Politics,4
Urban Farmer Curtis Stone,Howto & Style,4
MsMojo,Entertainment,4
MLive,News & Politics,4
Channel 4 News,News & Politics,4
Cherzo,Entertainment,4
ReaganFoundation,Nonprofits & Activism,4
Maangchi,Howto & Style,4
Top Speed Golf - Clay Ballard,Sports,4
vpro documentary,News & Politics,4
WORLD Channel,News & Politics,4
FRONTLINE PBS | Official,News & Politics,4
Liberty University,Education,4
Guardian News,News & Politics,4
The Agenda with Steve Paikin,Education,4
Washington Week,News & Politics,4
SixthFloorMuseum,Education,4
CBC News: The National,News & Politics,3
David Rubenstein,News & Politics,3
Politics and Prose,Education,3
Sky News Australia,News & Politics,3
C-SPAN,News & Politics,3
Harvard University,Education,3
Washington Post,News & Politics,3
Governor Larry Hogan,People & Blogs,3
Stanford,Education,3
Goalcast,Entertainment,3
TED,Science & Technology,3
The View,News & Politics,3
Jimmy Kimmel Live,Entertainment,3
Exploring Alternatives,Howto & Style,3
The Intercept,News & Politics,3
The Sun,News & Politics,3
Talks at Google,People & Blogs,3
Buon-A-Petitti,Howto & Style,3
SWAY'S UNIVERSE,Entertainment,3
thechesswebsite,Education,3
ReasonTV,News & Politics,3
VICE,Entertainment,3
MotivationHub,Education,3
NBC New York,News & Politics,3
criminals and crime fighters,Entertainment,3
ReaganFoundation,Education,3
Fox Business,News & Politics,3
Real Time with Bill Maher,Film & Animation,3
socratesinthecity,Education,2
Undecided with Matt Ferrell,Science & Technology,2
True Crime Daily,News & Politics,2
Real Stories,Education,2
WatchMojo.com,Music,2
Inc.,People & Blogs,2
TEDMED,Entertainment,2
DW Documentary,Education,2
Sydney Living Museums,Education,2
92nd Street Y,Nonprofits & Activism,2
NETNebraska,Entertainment,2
TIME,News & Politics,2
USA,People & Blogs,2
Hillsdale College,Education,2
Tiny House Expedition,Nonprofits & Activism,2
Wendover Productions,Entertainment,2
CBS Evening News,News & Politics,2
Breakfast Club Power 105.1 FM,Entertainment,2
the Luxury Travel Expert,Travel & Events,2
lil Piece of Hart * LOW CARB Cooking *,Howto & Style,2
Skavlan,Music,2
Pask Makes,Howto & Style,2
NowThis News,News & Politics,2
Timeline - World History Documentaries,Education,2
TA Outdoors,People & Blogs,2
CBS,News & Politics,2
Our Journey In Myles,Travel & Events,2
CBS Sunday Morning,News & Politics,2
Pepperdine School of Public Policy,Education,2
Real Families,Howto & Style,2
Skavlan,People & Blogs,2
FRANCE 24 English,News & Politics,2
Seattle Channel,News & Politics,2
fullychargedshow,Science & Technology,2
Real Stories,Film & Animation,2
Sailing SV Delos,Travel & Events,2
The Daily Conversation,News & Politics,2
Movieclips,Film & Animation,2
The New York Times,News & Politics,2
BBC Newsnight,News & Politics,2
Click On Detroit | Local 4 | WDIV,News & Politics,2
Great Indoor Ideas,Entertainment,2
CBS This Morning,News & Politics,2
Dig And Delve,Nonprofits & Activism,2
Insider,Entertainment,2
Hot Ones,Howto & Style,2
Women Behind Bars: Life And Death In Indiana,Education,2
Gone with the Wynns,People & Blogs,1
mgnfi,Science & Technology,1
Fox5NY,News & Politics,1
Discovery Science,Science & Technology,1
The City of Irving,News & Politics,1
Pete Kanaris GreenDreamsFL,Education,1
Charisma on Command,Howto & Style,1
Rebel Wisdom,Education,1
Justin Rhodes,People & Blogs,1
Timothy Schweitzer,People & Blogs,1
TED,Education,1
The New York Times,Film & Animation,1
King's Fine Woodworking,Education,1
The Paley Center for Media,Entertainment,1
Normans Rare Guitars,Music,1
Kirsten Dirksen,Autos & Vehicles,1
C-SPAN,Education,1
16x9onglobal,News & Politics,1
Real Royalty,Education,1
Scott Head,Howto & Style,1
VegSource,Education,1
New York City,News & Politics,1
Rockin Robin Cooks,Howto & Style,1
60 Minutes Australia,News & Politics,1
Tofua,Travel & Events,1
Cooking with Shotgun Red,Howto & Style,1
Michigan Backwoods,Sports,1
Coach Dat,People & Blogs,1
AQUAHOLIC,Entertainment,1
The Pizza Show,Entertainment,1
Toronto Public Library,Film & Animation,1
Drivin' and Vibin',People & Blogs,1
blacktreetv,Entertainment,1
Global News,Sports,1
uDiscover Music,Music,1
Klepper,Comedy,1
SecretWhispersOfCrime,Education,1
Seattle Channel,People & Blogs,1
Hashiroyaa,Entertainment,1
CTV News,News & Politics,1
depisicableboy676,Entertainment,1
Town Hall Seattle,Nonprofits & Activism,1
JFK Assassination History,News & Politics,1
92nd Street Y,News & Politics,1
Newshub,News & Politics,1
Школа Шахмат ChessMaster,Sports,1
Roman Green,People & Blogs,1
JamPlay,Education,1
Team Coco,Entertainment,1
Learn English with Gill (engVid),Education,1
atlanticphil,Nonprofits & Activism,1
University of Houston,Education,1
Naked Science,Science & Technology,1
CinemaNewsGR,Film & Animation,1
Lewis Howes,People & Blogs,1
Aspiring Craftsman,People & Blogs,1
Dalibor Farný,Science & Technology,1
MDA Telethon,Entertainment,1
Eddie Khoo,People & Blogs,1
Sean Kim,People & Blogs,1
Darkness to Light,Nonprofits & Activism,1
Mow 1567,Entertainment,1
The Telegraph,News & Politics,1
thechesswebsite,Entertainment,1
Nicolas Lepage,Entertainment,1
Full Frontal with Samantha Bee,People & Blogs,1
Alamo YTC Germany,Music,1
"You, Me & the RV",People & Blogs,1
BuzzFeedVideo,People & Blogs,1
metaRising,Education,1
ShirleyFilms,Education,1
London,Education,1
PierceCollegeDist11,Education,1
BBC News,News & Politics,1
Ontario Lakeside,Howto & Style,1
Extinction Rebellion,Nonprofits & Activism,1
Prairie Public,People & Blogs,1
Wall Street Journal,News & Politics,1
The Why,Film & Animation,1
Tikki O.,People & Blogs,1
The Outsider,People & Blogs,1
Universal Comedy,Comedy,1
asj584,Gaming,1
Taras Kul,Science & Technology,1
Dartmouth,Education,1
ABC Science,Science & Technology,1
Jeremy Vine on 5 - Official Channel,News & Politics,1
David Pakman Show,News & Politics,1
Studio 10,Entertainment,1
The Gardening Channel With James Prigioni,Howto & Style,1
10 Downing Street,News & Politics,1
Changing Lanes,Travel & Events,1
Business Casual,Education,1
Greenbrier Bushcraft,Entertainment,1
Sky News,News & Politics,1
Top 30 Youtubers,People & Blogs,1
Bloomberg Markets and Finance,News & Politics,1
Full Send Alaskan Overland,Howto & Style,1
Air-Clips.com,Travel & Events,1
Leo Mak,Comedy,1
Nature's Always Right,Howto & Style,1
Henry Schein Dental,News & Politics,1
The University of Chicago,Education,1
NFL,Entertainment,1
TouchTapGameplay,Gaming,1
LaughPlanet,Entertainment,1
Tilo Jung,News & Politics,1
Commonwealth Club,News & Politics,1
Adam Fields DC,Science & Technology,1
Latifs Inspired,Entertainment,1
Independent Institute,Education,1
How To Academy,Education,1
Cooking with Pina,People & Blogs,1
NYS Executive Chamber,News & Politics,1
HomeyCircle,Howto & Style,1
WOOD magazine,Howto & Style,1
JARED LETO,People & Blogs,1
relaxshacksDOTcom,Howto & Style,1
mediasanctuary,Nonprofits & Activism,1
Rex Krueger,Howto & Style,1
mediasanctuary,Film & Animation,1
London,News & Politics,1
St Petersburg College,Education,1
Monday Never,Travel & Events,1
Ashish Pandey,Entertainment,1
BePure - Ben Warren,People & Blogs,1
FactFaction,Education,1
DAI Heidelberg,Education,1
Self Sufficient Me,Howto & Style,1
Strombo,Entertainment,1
Turnah81,Comedy,1
MIgardener,Education,1
The First World War,Education,1
IV Organic,People & Blogs,1
Eva Collins Alonso,People & Blogs,1
Los Angeles Times,News & Politics,1
Healthy Homes,Education,1
NFL,Sports,1
talkSPORT,Sports,1
Erik Aanderaa,Sports,1
Brian Tyler Cohen,News & Politics,1
American Diabetes Association,Nonprofits & Activism,1
TradingCoachUK,Entertainment,1
NBC,Entertainment,1
Subject Zero Science,Science & Technology,1
Experience Egypt,Travel & Events,1
Hippo Education,Education,1
TheNOFAVT,Nonprofits & Activism,1
Guitarist,Music,1
Richard Nixon Foundation,Nonprofits & Activism,1
Eric Weinstein,Entertainment,1
Prey Productions,Entertainment,1
Andrew DC TV,Education,1
California,Howto & Style,1
Warren Redlich,News & Politics,1
The Brave Ones,News & Politics,1
VATA,Science & Technology,1
judgejudyhighlights7,Entertainment,1
Mark Shaw,People & Blogs,1
MulliganBrothers,Education,1
OWN,Entertainment,1
Comedy Central,Comedy,1
Gardener Scott,Howto & Style,1
American Masters PBS,Entertainment,1
Mike Kincaid,Howto & Style,1
MIT Center for International Studies,Education,1
CMX,Education,1
TED,People & Blogs,1
Middle Ground,Entertainment,1
NBC Left Field,News & Politics,1
Canberra,News & Politics,1
Ahlulbayt TV,Film & Animation,1
Marshall Remodel,Howto & Style,1
Mashable,Science & Technology,1
Real Engineering,Science & Technology,1
Principles by Ray Dalio,Education,1
Stanford Graduate School of Business,Education,1
Back Intelligence,People & Blogs,1
cmdealernet,Education,1
Attitude,Entertainment,1
Danielle DiMartino Booth,News & Politics,1
Yachts For Sale,Autos & Vehicles,1
Understood,Nonprofits & Activism,1
Jordan B Peterson,Education,1
Eyewitness News ABC7NY,News & Politics,1
CNA Insider,News & Politics,1
Performance Coaching,People & Blogs,1
Valuetainment,People & Blogs,1
Merc,Entertainment,1
Payments Canada,Education,1
Centre for International Governance Innovation,News & Politics,1
Chris Flaten,Education,1
Bocas del Toro,Travel & Events,1
dreamlivingLA,People & Blogs,1
Larry King,News & Politics,1
James Bruno,Science & Technology,1
ColdFusion,Science & Technology,1
BBC,Entertainment,1
Grow Successful,Education,1
TheFlightChannel,Gaming,1
Vincent Racaniello,Science & Technology,1
John Schroter,Science & Technology,1
USA TODAY Life,Howto & Style,1
True Stories,News & Politics,1
Channel 4,Entertainment,1
Al Jazeera English,Film & Animation,1
43Kouta,Music,1
Crescendo,Entertainment,1
FanboyFilms,Howto & Style,1
Skavlan,Entertainment,1
Daylins Funhouse,Gaming,1
Quantum Gravity Research,Science & Technology,1
TEAM APHRODITE,People & Blogs,1
Handy cook,People & Blogs,1
Pax Aeterna,Education,1
Hilly Dee,People & Blogs,1
FOCLOnline,Nonprofits & Activism,1
Matt Estlea,Education,1
Business Insider,News & Politics,1
The Art Assignment,Education,1
MIT Venture Capital & Innovation,People & Blogs,1
Duet Justus,People & Blogs,1
California Garden TV,Howto & Style,1
Fire Films,People & Blogs,1
Tifo Football,Sports,1
james hiroshi,People & Blogs,1
OrsaraRecipes,Howto & Style,1
Inside True Crime,Entertainment,1
Christopher Johnson,Education,1
Washington Post,Entertainment,1
CenturaHealth,Nonprofits & Activism,1
Saint Louis Chess Club,Education,1
J.D. Funari,Entertainment,1
Nicki Swift,Entertainment,1
FiveGames,Gaming,1
The University of Texas at Austin,Education,1
Tom Gameplay,Gaming,1
dekor20,Howto & Style,1
Mr. Luxury,Entertainment,1
Jamie Gos,Music,1
Top 10 Talent,Entertainment,1
Nik Rijavec,Education,1
AviationHub,Autos & Vehicles,1
Chromosome8,People & Blogs,1
Saddleback Church,People & Blogs,1
Davidson College,Education,1
Carmelas Kitchen54,Howto & Style,1
USA TODAY,News & Politics,1
SkillsUSA,Education,1
cocksandballs123,Comedy,1
China in Focus - NTD,News & Politics,1
John Anderson,Education,1
WIRED UK,Science & Technology,1
criticofgames,Nonprofits & Activism,1
PBS,News & Politics,1
Watch What Happens Live with Andy Cohen,Entertainment,1
Reallybigmonkey1,Entertainment,1
patchtoplate,People & Blogs,1
Harvard Magazine,People & Blogs,1
MassGovernor,News & Politics,1
WXYZ-TV Detroit | Channel 7,News & Politics,1
Al Jazeera America,News & Politics,1
UCD - University College Dublin,Education,1
James Taylor,Music,1
TeeVees Greatest,Entertainment,1
ProducerMichael,Entertainment,1
ARD,News & Politics,1
University of California Television (UCTV),Education,1
PTReviewer,Education,1
Mark Knopfler Russia,Music,1
The Masters,Sports,1
The Trigger Mechanism,Education,1
Television Academy,Entertainment,1
pilkipediaTV,Entertainment,1
OSSA,Entertainment,1
TED,News & Politics,1
Koncrete KLIPS,Entertainment,1
Business Insider,Science & Technology,1
KCETOnline,Entertainment,1
James Thomas,People & Blogs,1
Out of the Doldrums,People & Blogs,1
Oscars,Entertainment,1
What The Fit,Comedy,1
Lectures by Walter Lewin. They will make you ♥ Physics.,Science & Technology,1
SportsGamingCubing,People & Blogs,1
Richard Nixon Foundation,Education,1
Olivier BOSSARD,Education,1
Jesusmalaark11,People & Blogs,1
Origin,People & Blogs,1
Russell Brand,Education,1
Arms Family Homestead,People & Blogs,1
The O'Kelly's,Travel & Events,1
Bermuda,Autos & Vehicles,1
PacificJustice,Film & Animation,1
Nicole Michael,Howto & Style,1
Android Gameplay,Gaming,1
Death Row: Inside Indiana State Prison,Education,1
ideacity,Education,1
Face the Nation,News & Politics,1
Tristanio,People & Blogs,1
ritm 1,People & Blogs,1
euronews (in English),News & Politics,1
Southern Indiana Living and Sawmill,People & Blogs,1
SB Nation,Sports,1
THE JORDAN HARBINGER SHOW,Education,1
Nick Cannon,Music,1
ShelterMode,Howto & Style,1
Wild Confluence,Film & Animation,1
Technique Critique,Entertainment,1
UNRISD,Nonprofits & Activism,1
Web3 Foundation,People & Blogs,1
Khaleej Times,News & Politics,1
London,Howto & Style,1
Anthony Pompliano,Science & Technology,1
Stevie Richards,Sports,1
Karol Andy,People & Blogs,1
Lumnah Acres,Entertainment,1
WinFail Compilations,People & Blogs,1
Calvary Chapel St George,Music,1
C-SPAN,Science & Technology,1
SpicesNFlavors,Howto & Style,1
Jerry White,Travel & Events,1
Canada,Howto & Style,1
Italia Squisita,Howto & Style,1
TheYachtGuy Official,Travel & Events,1
WIRED,Entertainment,1
Fringes,Entertainment,1
Moving Forward Adventures,Autos & Vehicles,1
Cooking with Mitisha,Howto & Style,1
The B1M,Education,1
ICallsEmLikeISeesEm,News & Politics,1
Trevor Noah,Comedy,1
The Dave Ramsey Show,People & Blogs,1
darkdocumentaries,Education,1
MTV Catfish,Entertainment,1
Penniac Wilderness,People & Blogs,1
Spacex,Science & Technology,1
Minds Eye Design,Autos & Vehicles,1
My Self Reliance,People & Blogs,1
Peghead Nation,Music,1
Red Poppy Ranch,People & Blogs,1
The University of Edinburgh,Education,1
Gresham College,Science & Technology,1
Viral Now,Entertainment,1
KONCRETE Podcast,Science & Technology,1
小穎美食,Howto & Style,1
Yahoo,News & Politics,1
My Name Is Andong,Howto & Style,1
Bobblehead Conan,Entertainment,1
Top Se7en,People & Blogs,1
Spencer Lent,Entertainment,1
National Constitution Center,News & Politics,1
World Top ONE,Travel & Events,1
5 Levels,Science & Technology,1
John Di Domenico,Comedy,1
socratesinthecity,Entertainment,1
Pilot Bambi,People & Blogs,1
CBSN,News & Politics,1
KUSI News,News & Politics,1
Reelmen Films,Film & Animation,1
"PHP Agency, Inc.",People & Blogs,1
LANDiO,People & Blogs,1
YOUR LIVING MANNA,Music,1
Talks at Google,News & Politics,1
Wild North Design Company,People & Blogs,1
Perimeter Institute for Theoretical Physics,Science & Technology,1
JCS - Criminal Psychology,People & Blogs,1
Conando Russia,Travel & Events,1
mylittlehomestead,Howto & Style,1
Southern California,Autos & Vehicles,1
LCFC,Sports,1
Financial Times,News & Politics,1
Dr. Phil,Entertainment,1
Micah Muzio,Autos & Vehicles,1
SMHCS,Education,1
Off Grid Athlete,Education,1
Balkan chess,Sports,1
FandangoNOW Extras,Film & Animation,1
CBC News,Sports,1
Anand Naidoo,Music,1
Vox,News & Politics,1
Thom Hartmann Program,News & Politics,1
Aviation World,Gaming,1
,,1
Curious,People & Blogs,1
EdChoice,News & Politics,1
WatchMojo.com,Entertainment,1
ChessNetwork,Education,1
The Black Swan Group,Education,1
Theodosis Roussos,People & Blogs,1
Aashpazi.com,Education,1
ChrisRyanGolf,Sports,1
Passion City Church,Nonprofits & Activism,1
UAFExtension,Howto & Style,1
Real Vision Finance,News & Politics,1
Serious Science,Science & Technology,1
Maharishi International University,Education,1
Cambridge University,Education,1
CBN News,News & Politics,1
Libya,Film & Animation,1
San Diego,Howto & Style,1
Dot2Trot's Low Carb Living,Howto & Style,1
Bloggingheads.tv,News & Politics,1
DurhamUniversity,Education,1
The Democrats,News & Politics,1
JoshuaG,Science & Technology,1
Gervais Junkie,Entertainment,1
The University of Melbourne,Education,1
vito iacopelli,Howto & Style,1
Leandro Borges,Howto & Style,1
HuffPost UK,News & Politics,1
Sonnie Veldhuis,Music,1
JOALI Maldives,Travel & Events,1
Rebel HQ,News & Politics,1
CNA,News & Politics,1
WGN RADIO VIDEO,People & Blogs,1
djvlad,Entertainment,1
TEDx Talks,Science & Technology,1
Grace John,Education,1
Miami,Autos & Vehicles,1
Tod's Workshop,Education,1
Sunflare Solar,Science & Technology,1
WORLD.MINDS,Science & Technology,1
Reagan Library,People & Blogs,1
RealLifeLore,Education,1
Food Insider,Travel & Events,1
TinHatRanch,Science & Technology,1
YouTube Originals,Film & Animation,1
Sailing Nahoa,Travel & Events,1
Alan Howard / JW3 Speaker Series,Education,1
Conversations with Bill Kristol,News & Politics,1
The Institute of Art and Ideas,Education,1
Dj's Aviation,Travel & Events,1
Y Combinator,Science & Technology,1
Z88,People & Blogs,1
USC,Education,1