"","id","duration","caption","definition"
"1","LV8wWhjTKRU","PT22M41S","false","hd"
"2","oHLychWng4c","PT10M35S","false","hd"
"3","phsU1vVHOQI","PT7M31S","true","hd"
"4","2X1Tgmsv9Ao","PT4M11S","false","hd"
"5","MpV8kPJTNMU","PT13M58S","false","sd"
"6","1eaMix9x4HE","PT48M24S","true","hd"
"7","5_DoQK7CDq0","PT4M27S","true","hd"
"8","R3wdAuK7Tms","PT8M40S","true","hd"
"9","UTchioiHM0U","PT1H27M15S","false","hd"
"10","vrl5PFB35Ec","PT25M8S","false","hd"
"11","k7v2F3usNVA","PT42M9S","false","hd"
"12","JyufeHJlodE","PT52M37S","false","hd"
"13","rY5jCvRHEFk","PT3H20M3S","false","hd"
"14","KC4rKjcwywg","PT1H13M14S","false","hd"
"15","6Db_8Oyy09w","PT39M32S","false","hd"
"16","v7JATeB8Ug0","PT10M22S","false","hd"
"17","ofOqUMeEwu8","PT1H31M32S","false","sd"
"18","rNGZ4dhg9_U","PT1H37M23S","true","hd"
"19","zURVpUZf7qA","PT20M31S","true","hd"
"20","wtV5ev6813I","PT25M58S","true","hd"
"21","AA2r6rca2v4","PT7M38S","false","sd"
"22","imUO0gspEwc","PT1H4M36S","false","hd"
"23","rS-APKpLvMc","PT8M45S","false","hd"
"24","VJapZ4lZLDE","PT18M32S","true","hd"
"25","h8IEtlOVzq4","PT1H43M12S","false","hd"
"26","bYhZF8butxY","PT2H4M58S","false","hd"
"27","QRcxcZiXYZk","PT21M20S","false","hd"
"28","IW4MEi9BNJo","PT42M18S","false","hd"
"29","e7gOZs7UrSA","PT8H1M47S","false","hd"
"30","aFaJKX5zIqY","PT6M33S","true","hd"
"31","tkt879htS7I","PT12M31S","false","sd"
"32","Q5M4KQ1EU-I","PT8M27S","false","hd"
"33","jFwV1Ghy8j0","PT4M1S","false","sd"
"34","C2SB1gPp5wA","PT1H16M42S","false","hd"
"35","_rPqUjbPTJE","PT11M17S","false","hd"
"36","SQ-5kOHoRAo","PT2M58S","false","hd"
"37","Izd2qOgOGQI","PT42M26S","true","hd"
"38","vnMYL8sF7bQ","PT1H33M56S","false","sd"
"39","JPR04rYIR5E","PT1H59M16S","false","hd"
"40","TJvHHgGerJg","PT20M","false","hd"
"41","GvtNyOzGogc","PT19M","false","hd"
"42","UZA1J8RHltY","PT36M35S","false","hd"
"43","mZ7UOPg__Jo","PT6M33S","false","hd"
"44","27es3Msa2d8","PT10M26S","true","hd"
"45","QNe-syuDJBg","PT1H1M24S","false","hd"
"46","DmXH0z8uH_w","PT36M21S","false","hd"
"47","QkWSZi4arrc","PT14M54S","false","hd"
"48","tkP8Cwdgt_U","PT11M25S","false","hd"
"49","JTV76Dh9cC4","P0D","false","sd"
"50","6h8XzB6-m1s","PT4M26S","true","hd"
"51","pH1Zaef7XXA","PT5M12S","true","hd"
"52","LUvtW2r8zS4","PT28M36S","false","sd"
"53","-p9oKKkOTeA","PT1H20M49S","false","hd"
"54","3mYwow08Wyc","PT11M9S","false","sd"
"55","Da8-QfGemgo","PT26M4S","false","hd"
"56","-PeBf3X0hMw","PT54M6S","false","hd"
"57","-HQakEfWC14","PT7M52S","true","hd"
"58","TFXeigvefzc","PT5M26S","false","hd"
"59","IiCb1-I5lOY","PT12M57S","false","hd"
"60","ACQy3x3pJ88","PT47M39S","true","hd"
"61","KQYp8xJ4kpo","PT6M2S","false","sd"
"62","5OXPlUCGScY","PT1H53M25S","false","sd"
"63","L_R0VmCrvzs","PT12M45S","false","hd"
"64","hIv7YJ0UrlM","PT12M53S","true","hd"
"65","bsy4WqabU90","PT27M56S","false","hd"
"66","7Z2XRg3dy9k","PT19M54S","false","hd"
"67","eo2LHKRR8NQ","PT7M53S","false","sd"
"68","4cDC4wEY9SQ","PT18M58S","true","hd"
"69","BrCQEhEYS_Y","PT11M28S","false","hd"
"70","Pqc56crs56s","PT2H1S","false","hd"
"71","gS49wg9WD2Y","PT1H41S","false","sd"
"72","_S4CZ_MbWsc","PT58M40S","false","sd"
"73","aA-GoeFGyIc","PT6M46S","false","sd"
"74","pES1Zd_vyjU","PT0S","false","sd"
"75","Lp7z_ti5uEQ","PT23M1S","false","hd"
"76","6wVlxn7SdnE","PT21M59S","false","hd"
"77","I9XrgCwZ3Lk","PT15M31S","false","hd"
"78","h3g64swMf1M","PT7M4S","false","hd"
"79","ggdmkFA2BzA","PT1H10M16S","false","hd"
"80","w2-A9w3548Y","PT14M11S","true","hd"
"81","APoSHB9pQk8","PT25M46S","false","sd"
"82","ImBTtTdYgRY","PT5M17S","false","hd"
"83","fmDng_uMCnY","PT32M5S","false","hd"
"84","yi9FcMHzDr8","PT5M13S","false","hd"
"85","QOBowbBVlaY","PT42M4S","false","hd"
"86","kasiov0ytEc","PT54M59S","false","hd"
"87","GZwbhgS9fuc","PT8M34S","true","hd"
"88","MXbAVEYI0bs","PT10M16S","false","hd"
"89","eSg9n0jRQps","PT15M","false","hd"
"90","kixi_Ob4hCM","PT9M13S","false","hd"
"91","UA8GCQ2KVe0","PT1H24M","false","hd"
"92","aDejwCGdUV8","PT3H1M55S","false","hd"
"93","lETF5JRgEN8","PT16M4S","true","hd"
"94","SlUIkNxZAls","PT20M6S","false","hd"
"95","oMpgga7ve7Y","PT40M59S","false","hd"
"96","28vas-3WmUg","PT8M6S","false","hd"
"97","A6NQHdXSllQ","PT22M19S","true","hd"
"98","NFF_wj5jmiQ","PT45M53S","true","hd"
"99","kw1Z12JMo6A","PT13M14S","false","hd"
"100","8ODnaFRc_mM","PT57M37S","false","hd"
"101","l1YCCacSXBw","PT10M59S","false","hd"
"102","6G59zsjM2UI","PT2H44M56S","false","hd"
"103","ZFz2jQpkS-E","PT1H21M18S","false","hd"
"104","jyOnfK_UMV4","PT15M54S","true","hd"
"105","QzL5vBhQNxE","PT3M24S","false","hd"
"106","URr0O9aHW38","PT37M52S","false","hd"
"107","L065i23ZiUw","PT6M41S","false","hd"
"108","WCV8a5WgdvM","PT33M3S","false","hd"
"109","U-XnWz0WmE8","PT19M30S","false","sd"
"110","FVVo036N9OY","PT16M36S","false","hd"
"111","1VBKhAMSvNg","PT24M6S","false","hd"
"112","7XLltrfgclY","PT5M58S","true","hd"
"113","GgHRGgViWfY","PT20M46S","true","hd"
"114","z8l-ERmiQjY","PT4M51S","true","hd"
"115","FzV1QB2xNeE","PT9M14S","true","hd"
"116","F0n8SeeC4II","PT1H8M4S","false","hd"
"117","PK00t-igHAE","PT5M56S","true","hd"
"118","2GDU7f75MVI","PT57M24S","true","hd"
"119","9xs9fcg563I","PT10M17S","false","hd"
"120","5hyXIzbJ9Zg","PT15M56S","false","hd"
"121","LZ_l0z2LMws","PT13M16S","true","hd"
"122","xyY6nR_PyQ8","PT9M43S","true","hd"
"123","ESmm0BU5U9s","PT5M29S","false","hd"
"124","MX3JfU-6k8E","PT57M16S","false","hd"
"125","JQuejwE7gfM","PT12M26S","false","hd"
"126","PIVzua11qYc","PT15M57S","false","hd"
"127","Gw1ImiSR6Eg","PT9M3S","false","sd"
"128","0B4nS1-ScYw","PT9M11S","true","hd"
"129","17pIBFcGB0k","PT3H18M2S","false","hd"
"130","Ex_7W2VKI5c","PT10M26S","false","hd"
"131","B4UYaumLy90","PT13M48S","true","hd"
"132","Rb6dMOCcpqg","PT6M39S","false","hd"
"133","ZJGvqmKsApk","PT9M54S","false","hd"
"134","vPS-epGPJmg","PT22M53S","true","hd"
"135","1tL_IwhkXto","PT57M7S","false","hd"
"136","vCtnx6Jonkk","PT16M5S","false","hd"
"137","PArFP7ZJrtg","PT16M39S","true","hd"
"138","ePN1J_c4ulw","PT24M36S","false","hd"
"139","VdK77bhAwO0","PT12M14S","true","hd"
"140","zaD84DTGULo","PT19M55S","false","hd"
"141","d4o13isDdfY","PT53M5S","true","hd"
"142","t10FfzIpiKs","PT7M42S","true","hd"
"143","lMbseuQR2G8","PT29M9S","false","hd"
"144","Dv1xvCts3q4","PT5M40S","false","hd"
"145","lWmyV71Mchw","PT19M25S","false","sd"
"146","NpafpQbBAFQ","PT8M21S","true","hd"
"147","ASieFWW1U2M","PT9M20S","false","hd"
"148","mVcfWaRf8OQ","PT9M35S","false","hd"
"149","U5j27CrqrgI","PT49M59S","false","hd"
"150","2Wa8Ga3NB0M","PT14M49S","true","hd"
"151","a7SDylLsSLM","PT13M51S","false","hd"
"152","7YGITlxfT6s","PT20M49S","false","hd"
"153","O90PShJVu58","PT42M26S","true","hd"
"154","mGPaU1D_ICM","PT45M51S","true","hd"
"155","eBBoGAHCJ-8","PT30M10S","false","hd"
"156","WIEqm4TrHPA","PT33M4S","true","hd"
"157","_tOhUmNpTJE","PT3M46S","false","hd"
"158","VcCAHbiEcZo","PT10M23S","false","hd"
"159","C86IkrEjKCM","PT37M15S","false","hd"
"160","L_gSsi0uc54","PT9M43S","false","hd"
"161","0zLiNmaT130","PT12M25S","true","hd"
"162","Ios9QCOGZ_M","PT6M7S","true","hd"
"163","PHKCaSFjoyQ","PT15M11S","false","hd"
"164","PzuDi7UIVYg","PT6M39S","false","hd"
"165","YA8e6DR8bmA","PT14M1S","false","hd"
"166","tHv0RExQsPQ","PT12M5S","true","hd"
"167","8_g5O0gzUPc","PT1H40S","false","sd"
"168","jeAPvvDC1mw","PT55M51S","true","hd"
"169","KiuzEeKkaZQ","PT1H35M25S","false","hd"
"170","8SpsMn-_MP4","PT10M17S","true","hd"
"171","IT1xX5H9YwQ","PT46M44S","false","sd"
"172","rmDQXCdBYLE","PT15M5S","false","hd"
"173","CSrqCUdRKjg","PT49M51S","false","hd"
"174","B7-ZRjSfP54","PT12M35S","false","hd"
"175","y_3vs3zFA3E","PT10M16S","false","hd"
"176","Lz46RQDM4LA","PT8M1S","true","hd"
"177","m4OnlmLGyfE","PT15M23S","false","hd"
"178","_mo-3RWKMGQ","PT14M36S","true","hd"
"179","DuzEd1EbT88","PT5M11S","true","hd"
"180","jSgfd0RkHbc","PT13M55S","false","hd"
"181","sHAkDTlv8fA","PT1H5M4S","false","hd"
"182","Kf59qcrAQkI","PT18M21S","false","hd"
"183","FEznDFc8CXM","PT27M50S","false","hd"
"184","GQ0GiTKzu38","PT12M34S","false","hd"
"185","lYMxj3aaygE","PT33M52S","false","hd"
"186","YUAZlrEApPg","PT28M2S","false","hd"
"187","46DEVQ8UacA","PT3H26M59S","false","hd"
"188","82N5z_7M7Cw","PT1H33M27S","false","hd"
"189","8qrP1zHkMSo","PT8M47S","false","hd"
"190","-35bprSEOy8","PT39M21S","false","hd"
"191","_eaK4DIxB5s","PT29M45S","false","hd"
"192","eMo_20J1J1Y","PT13M11S","false","hd"
"193","SVyJbk4ix0c","PT3M27S","false","hd"
"194","0xqZaqf_1BM","PT8M14S","false","hd"
"195","XpKboaGPVo4","PT46M49S","false","hd"
"196","bmQwMllhCUM","PT45M52S","false","sd"
"197","ijsu8GFZBTg","PT24M34S","false","hd"
"198","kctZ827Ic4M","PT28M12S","false","hd"
"199","m08i8oXpFB0","PT13M53S","false","hd"
"200","7pk9oDrpf6k","PT45M42S","false","hd"
"201","GLMMrpRC5iE","PT2M41S","false","hd"
"202","MfTv8dwGpwI","PT39M47S","false","hd"
"203","DkgnboddC5s","PT47M57S","false","sd"
"204","kCPjif6E03g","PT21M30S","true","hd"
"205","JDn5vz-fR00","PT12M35S","true","hd"
"206","yqcevP1eAbE","PT37M19S","false","hd"
"207","Sc3zgGzRJK4","PT12M29S","false","hd"
"208","ien97HT7Wpk","PT5M58S","true","hd"
"209","puqa2imMY80","PT25M4S","false","hd"
"210","PsB9M13oJdg","PT5M37S","false","hd"
"211","0Zixm-bB7e4","PT14M23S","true","hd"
"212","WUsJcPc8g0A","PT1H11M30S","false","sd"
"213","8JJvKWDTjfg","PT5H49M39S","false","hd"
"214","7vb4-4OWu1E","PT13M15S","false","hd"
"215","tw9mYaLnnug","PT13M10S","true","hd"
"216","U5pBZKj1VnA","PT23M31S","true","hd"
"217","zXCiv4sc5eY","PT23M42S","true","hd"
"218","TLpbfOJ4bJU","PT42M26S","true","hd"
"219","u3Ocw5UIpYs","PT13M3S","true","hd"
"220","aBmpSIvLKug","PT41M55S","false","hd"
"221","7ImvlS8PLIo","PT1H4M52S","false","hd"
"222","cfbRneB9wcA","PT8M1S","false","hd"
"223","IxlqHsyfezs","PT11M17S","true","hd"
"224","arj7oStGLkU","PT14M4S","true","hd"
"225","K7lb6KWBanI","PT53M13S","true","hd"
"226","tVrmwFtoFjM","PT26M40S","false","hd"
"227","yVwAodrjZMY","PT35M18S","true","hd"
"228","XvVASCnsal8","PT16M22S","false","hd"
"229","kStGdeDRCao","PT3H7M27S","false","hd"
"230","SOHH17WIupw","PT22M31S","false","hd"
"231","qrGIE8ljRtM","PT35M3S","true","hd"
"232","rvAvCJ_ckgo","PT1H38M49S","false","hd"
"233","UNjk5blo614","PT5M43S","false","hd"
"234","dEsWOZjjVt8","PT1H28M19S","false","hd"
"235","wlYoxcdH2Ww","PT6M28S","true","hd"
"236","eyWsFfd9pqE","PT7M59S","false","sd"
"237","0vgOzy0Mfsw","PT10M58S","true","hd"
"238","IgXhcfIkWow","PT1H10M7S","false","hd"
"239","lgkuS8UaFJI","PT8M11S","false","hd"
"240","f4DaMNrRqg8","PT7M27S","false","hd"
"241","tCqwT2MqLxI","PT26M29S","true","hd"
"242","UryMFBLdKFU","PT1H2M22S","false","hd"
"243","n72HNgvvWK8","PT28M25S","false","hd"
"244","k5OAjnveyJo","PT23M","true","hd"
"245","rD9PGi8hHvY","PT50M6S","false","hd"
"246","1L5G8ngxkz0","PT41M47S","true","hd"
"247","IpUmVYvzdlI","PT10M34S","true","hd"
"248","mrNZUaaaEtI","PT2H51M32S","false","hd"
"249","MY1_4UHroQ8","PT5M22S","true","hd"
"250","2RJjlCIFLQk","PT22M28S","true","hd"
"251","D9ZvlKQmm6M","PT16M11S","false","hd"
"252","vGc4mg5pul4","PT3H21M9S","false","hd"
"253","kxr0AGayiAE","PT8M6S","false","hd"
"254","8zKuoqZLyKg","PT48M53S","true","hd"
"255","sv8QVgCxa1M","PT8M42S","false","hd"
"256","rH2Z1zzHJPQ","PT48M13S","false","hd"
"257","Ly1tab2uR98","PT14M49S","false","hd"
"258","W9crs5GFQok","PT15M57S","false","hd"
"259","J5b_-TZwQ0I","PT21M39S","true","hd"
"260","y3jlR6k_wo0","PT18M35S","false","hd"
"261","80ULDtPkUQg","PT9M43S","true","hd"
"262","VSQnOS7t4Gg","PT47M41S","false","hd"
"263","o8NPllzkFhE","PT21M31S","true","hd"
"264","zhGPItQd47U","PT9M9S","true","hd"
"265","jiLg-iEk-p4","PT44M22S","false","sd"
"266","7uJ_G9Dddoo","PT8M31S","false","hd"
"267","bp5RMutCNoI","PT7M9S","true","hd"
"268","aXbH5K1vyiw","PT25M31S","true","hd"
"269","O_kYuxP2pLA","PT59M25S","false","sd"
"270","ulK5re6b52g","PT1H3M53S","true","hd"
"271","d9m7d07k22A","PT21M18S","false","hd"
"272","uQXQbcs2UsM","PT12M39S","false","hd"
"273","0UifBpsb9EY","PT1H44M48S","false","hd"
"274","7k20VFZeLKY","PT11M1S","false","sd"
"275","AIYPu4MFLl4","PT21M14S","false","hd"
"276","zPDNlk7UcyI","PT11M40S","false","hd"
"277","QiDmtDuMHSc","PT1H25M48S","false","hd"
"278","Rk5LdBbneZQ","PT12M53S","true","hd"
"279","0WB08jGh47A","PT4M13S","false","hd"
"280","UEg6TDklBuE","PT10M12S","false","hd"
"281","_zRPE9k9Ito","PT6M55S","false","hd"
"282","eVIptpWWT68","PT36M46S","false","hd"
"283","2928Luiu804","PT6H42M15S","true","hd"
"284","voA0cS1JiGQ","PT51M20S","false","hd"
"285","LNHiuUvYBmM","PT1H5M24S","false","hd"
"286","syP-OtdCIho","PT47M1S","false","hd"
"287","1Yp91zKBGgY","PT46M37S","true","hd"
"288","I75kfAVF64A","PT12M11S","false","hd"
"289","Pc0ZHsoHAlE","PT56M31S","false","sd"
"290","kJcpTSNWXdQ","PT9M48S","false","hd"
"291","RLkpt1-lyL8","PT10M8S","false","hd"
"292","mzshbwHL9UE","PT6M20S","false","hd"
"293","WX8dgbr5EI8","PT21M57S","false","hd"
"294","i0J5WMmykEs","PT19M44S","false","hd"
"295","4U2eDJnwz_s","PT17M56S","false","hd"
"296","NX2ep5fCJZ8","PT11M25S","true","hd"
"297","gG8faNGg6os","PT9M50S","true","hd"
"298","DX58vrL5ZiA","PT8M31S","false","sd"
"299","ebKv7DrG8rc","PT5M9S","false","hd"
"300","vbgk4g2TJoc","PT53M11S","false","hd"
"301","Tehlt1P-NM0","PT1H25M57S","false","hd"
"302","tuaionlC_oI","PT0S","false","sd"
"303","G_kMOVS1qY8","PT16M8S","true","hd"
"304","OKifiMcnnek","PT10M15S","false","hd"
"305","BEIZc7gv2pM","PT23M45S","false","hd"
"306","L4VH2JjWDnk","PT4M21S","false","sd"
"307","XEVlyP4_11M","PT33M14S","false","hd"
"308","NId0vWIspEM","PT13M22S","false","hd"
"309","lvxJoUuG018","PT27M35S","false","hd"
"310","NN1d6_h9skc","PT15M29S","false","hd"
"311","w0Wmc8C0Eq0","PT47M","true","hd"
"312","eVr9hH6aBg0","PT1H14M57S","false","hd"
"313","WSIuBzKUPDw","PT12M44S","true","hd"
"314","WA1Ji-Hj1qo","PT46M18S","false","hd"
"315","ZCyqcoC747o","PT12M34S","true","hd"
"316","wqiMASk5MIU","PT59M6S","true","sd"
"317","0-iphU-n8RM","PT23M56S","false","hd"
"318","Y7nZ4mw4mXw","PT27M31S","false","hd"
"319","ZH5Qd0I7KaA","PT16M26S","false","hd"
"320","bRcu-ysocX4","PT1H10M18S","false","hd"
"321","JRG5JLLhoVI","PT13M21S","false","hd"
"322","CaOwcYLGTMo","PT20M35S","true","hd"
"323","P_0PtoLGEpo","PT8M15S","false","hd"
"324","1Ef7Us0zw8Q","PT16M3S","false","hd"
"325","zQCTeGKHsVc","PT54M15S","true","hd"
"326","WK43a--m4g0","PT50M2S","false","sd"
"327","kJHHZ7O7MLw","PT1H47M57S","false","sd"
"328","wTEOp79QCVQ","PT39M21S","false","sd"
"329","9cgOzsBUJTQ","PT39M29S","false","hd"
"330","ATH5A7Jtq6M","PT41M48S","false","hd"
"331","uw8dW9Hyno0","PT1H10M12S","false","sd"
"332","ldZJx5irpiQ","PT17M35S","true","hd"
"333","aZbviFGLmZ0","PT14M43S","false","hd"
"334","eg9wJIFeZ6A","PT16M10S","false","hd"
"335","2i4JxWkSYzU","PT8M27S","false","hd"
"336","ySV_-JggXNU","PT10M21S","false","hd"
"337","WnnoDtjDqiI","PT9M53S","false","hd"
"338","_hfMNTnBM4I","PT1H31M26S","false","hd"
"339","6NjCitwKJSQ","PT7M49S","true","hd"
"340","Y-yAsuff-Fc","PT1H32M7S","false","hd"
"341","gaKDtvzl4Fc","PT11M30S","false","hd"
"342","mQUhJTxK5mA","PT21M34S","true","hd"
"343","AD4x6AsIu8g","PT48M37S","true","hd"
"344","CNHCGKZ3fQU","PT13M26S","false","hd"
"345","wZcfJfn32oQ","PT12M35S","false","hd"
"346","PmRNRjEkWUk","PT44M15S","false","hd"
"347","C2pVtOp50YE","PT12M23S","false","hd"
"348","fYYYZ2r0RZg","PT4M37S","false","sd"
"349","OK0XDY5YNZc","PT3M48S","true","hd"
"350","BSCiT6OeL2A","PT20M57S","true","hd"
"351","HG9TnvlGohw","PT14M19S","true","hd"
"352","D9l1M_6MNxw","PT11M28S","true","hd"
"353","bb7303ukNtk","PT9M54S","false","sd"
"354","fmMvsAjCkog","PT9M3S","false","sd"
"355","UIT8NK8V8iQ","PT4M38S","false","hd"
"356","onMbSLuC7Oc","PT24M8S","false","hd"
"357","cgps85scy1g","PT7M52S","false","sd"
"358","LsB-KUgo9OM","PT29M36S","false","hd"
"359","85j2ii7tS0Q","PT39M34S","false","sd"
"360","4DJtjyB1gvE","PT53M15S","true","hd"
"361","86o4gUPqVKU","PT10M3S","false","hd"
"362","-0mgtCHBEvc","PT19M2S","false","hd"
"363","zJ9TfkdgeFc","PT48M17S","false","hd"
"364","SPqxcNRgL_8","PT59M47S","false","hd"
"365","TWLA6si4Tak","PT8M14S","true","hd"
"366","t6m49vNjEGs","PT42M25S","false","hd"
"367","StjIv33zJ9c","PT42M26S","false","hd"
"368","uXyS-74sRTE","PT2H23M46S","false","hd"
"369","jCC8fPQOaxU","PT15M39S","false","hd"
"370","aoAI7OqLMIQ","PT51M17S","false","sd"
"371","IVI-LqEDua0","PT12M59S","false","sd"
"372","biorRAQJhH8","PT4M6S","false","hd"
"373","Yq7Eh6JTKIg","PT26M45S","false","hd"
"374","eTu9kgsZoV0","PT40M2S","false","sd"
"375","dJyz6iK8VXE","PT22M27S","false","hd"
"376","u7sOzDmVB0w","PT24M59S","true","hd"
"377","lF8ARkDBp7Y","PT25M26S","true","hd"
"378","wEZgGUAq3Uo","PT8M3S","false","hd"
"379","6ZqaizzmO30","PT15M11S","false","hd"
"380","gxwWf-MfZVk","PT48M59S","false","sd"
"381","VQOOxOl9l80","PT45M17S","false","hd"
"382","XfNjlaUEkYc","PT7M32S","true","hd"
"383","NdsOUsmQszI","PT14M52S","false","sd"
"384","8--lrON9yzs","PT7M17S","false","sd"
"385","1rDArRNSDBE","PT5M12S","false","hd"
"386","AUfClZuWBiI","PT2H8M31S","false","hd"
"387","nCGGWeD_EJk","PT12M25S","false","hd"
"388","DWC5-pxS-64","PT10M32S","false","hd"
"389","ZZGo6mWjk4Y","PT4M17S","false","sd"
"390","haxQcxa5WXM","PT8M11S","false","hd"
"391","SEYa0R62nWk","PT1H4M29S","false","hd"
"392","JTbBUlMZrAg","PT15M46S","false","hd"
"393","qvCAPrr4CDM","PT9M","true","hd"
"394","s0iZCMjLU50","PT3M18S","false","hd"
"395","I-da6eMEdPk","PT7M48S","false","hd"
"396","JpCnz41AUt8","PT14M39S","false","hd"
"397","SiLS_WhkcVs","PT1H45M15S","false","hd"
"398","nSMNKrJIm2I","PT7M15S","true","hd"
"399","dax8KvfPXPI","PT5M59S","false","hd"
"400","qM86YswsgLI","PT2H59M46S","false","hd"
"401","Tr6MMsoWAog","PT8M53S","false","hd"
"402","CGuTduLud9g","PT14M20S","false","hd"
"403","BKHPTHx0ScQ","PT29M2S","true","hd"
"404","vaN8aodvNGU","PT4M47S","false","hd"
"405","xnaP5NZiPIY","PT15M15S","false","hd"
"406","m2zZMg7SNWA","PT28M50S","false","sd"
"407","1U2qYQyK-vk","PT11M51S","false","hd"
"408","0HRg3lXijp8","PT39M24S","false","hd"
"409","zbCoe3vIskA","PT11M25S","false","hd"
"410","tzZGuFJTs1I","PT9M2S","false","hd"
"411","lfxCDF27hYQ","PT5M41S","false","hd"
"412","LuEaJDksxls","PT58M31S","false","hd"
"413","xgeLpFTNn8g","PT10M38S","false","hd"
"414","0lTczPEG8iI","PT19M22S","false","hd"
"415","BBwKmH3QLt0","PT49M2S","false","hd"
"416","5HS2TstPfW4","PT16M37S","false","hd"
"417","3wRVVGQTp_I","PT9M1S","false","sd"
"418","Hq0lbW2rJbw","PT1H5M37S","false","hd"
"419","7vU7RuBi4Gs","PT1H3M46S","false","hd"
"420","HRl0dvPRkSI","PT34M11S","false","hd"
"421","-TYOy4nQmTo","PT11M6S","false","hd"
"422","UnSILVWDKL8","PT18M6S","false","hd"
"423","FLYdhfgF6Pg","PT51M5S","false","hd"
"424","VDIyKVyg7QE","PT14M3S","false","hd"
"425","zGjqjKCI0MQ","PT25M32S","true","hd"
"426","l5vyDPN19ww","PT1H54M19S","true","hd"
"427","vCZjtQgSuMg","PT8M38S","true","hd"
"428","KNv_IxtiULU","PT48M29S","false","hd"
"429","k4I3bcDC4rE","PT11M52S","false","sd"
"430","kSVQtlQtxCs","PT3M52S","false","hd"
"431","KZ-tCc3S8V8","PT13M15S","false","hd"
"432","xwED4v5G3HA","PT53M17S","false","hd"
"433","rk_SMBIW1mg","PT20M50S","false","hd"
"434","MRYtk_xzt6Q","PT7M43S","true","hd"
"435","GUizvEjR-0U","PT18M33S","false","hd"
"436","HNudt52BukY","PT39M4S","false","hd"
"437","2vMojjJ1GAg","PT9M","true","hd"
"438","IPQi6h1KB0E","PT9M3S","false","sd"
"439","wjjPlEW9bRM","PT8M15S","false","sd"
"440","xVc_AdJoAVs","PT47M52S","false","hd"
"441","QozGSS7QY_U","PT1H35M54S","false","hd"
"442","OozvkPVI7LI","PT13M39S","true","hd"
"443","OubM8bD9kck","PT20M26S","false","hd"
"444","RjWWTTMj0xw","PT15M50S","false","hd"
"445","__LxwaAEaL8","PT30M2S","false","hd"
"446","xdHYvSoD0T0","PT21M46S","false","hd"
"447","DRsmSzGxnUs","PT1H49M19S","false","hd"
"448","68jLU-SXnak","PT8M","true","hd"
"449","wPm9k6ul9EI","PT24M40S","false","sd"
"450","5pIp2MRJDDE","PT2H38M48S","false","hd"
"451","dp8PhLsUcFE","PT0S","false","sd"
"452","q4XfyYFa9yo","PT16M3S","false","hd"
"453","OyOGOROLN3o","PT8M42S","false","hd"
"454","MX5gScTw2JA","PT45M7S","true","hd"
"455","aq1Ln1UCoEU","PT48M23S","true","sd"
"456","ery3zSOZ-Ks","PT48M36S","false","hd"
"457","O0TybEjkH-s","PT30M47S","true","hd"
"458","Cv-qKwNz7Ug","PT8M20S","false","hd"
"459","t827bgqr0ls","PT14M10S","false","hd"
"460","4Xp4z5qlyqs","PT8M22S","false","hd"
"461","ximgPmJ9A5s","PT18M29S","false","hd"
"462","MzTbloaIZQI","PT2M44S","false","sd"
"463","9nMCaOmUxaY","PT59M45S","false","hd"
"464","nTorFTRcYDQ","PT14M55S","false","hd"
"465","_nY3VSmA-l8","PT9M41S","false","hd"
"466","qmAsSFxQgNU","PT18M7S","true","hd"
"467","krcHpMdOVAk","PT12M6S","true","hd"
"468","igM6ThP95-s","PT10M11S","true","hd"
"469","HhQb3BX4Rik","PT1H47M29S","false","hd"
"470","dBxM93wI93s","P1DT1H40M19S","false","sd"
"471","H6rXQFfgqGI","PT11M24S","true","hd"
"472","aMvnlAfOWec","PT1H8M18S","false","hd"
"473","0d6nTn1sHew","PT1H22M49S","false","hd"
"474","9UxzAlX92PI","PT45M33S","false","hd"
"475","Gdvr7GUiynk","PT13M32S","false","hd"
"476","CNpp8shqsSA","PT7M31S","true","hd"
"477","hWQiXv0sn9Y","PT19M7S","false","hd"
"478","X_m1mPtYzTk","PT1H19M52S","false","hd"
"479","BgyqAD5Z6_A","PT20M33S","false","hd"
"480","vIeFt88Hm8s","PT2H55M4S","false","hd"
"481","al13DoOFp78","PT23M35S","false","hd"
"482","6A8TiUpKDVg","PT3M3S","false","hd"
"483","0NSdJ3SxxLs","PT11M12S","false","hd"
"484","kBY-cFU8pHI","PT30M9S","true","hd"
"485","9dY4WlxO6i0","PT7M58S","false","sd"
"486","-5yh2HcIlkU","PT4H40M28S","false","hd"
"487","k6XM91jCRHY","PT7M20S","false","hd"
"488","n0U8RdRdFDU","PT18M23S","false","hd"
"489","b8CpON8VrRU","PT33M37S","false","sd"
"490","hqKafI7Amd8","PT17M50S","true","sd"
"491","LVk64Cr7N8s","PT10M10S","false","hd"
"492","k2jiK8zWsb0","PT9M1S","false","sd"
"493","mdYTi6yT1Ew","PT1H8M25S","false","hd"
"494","UpdMYOtAmKY","PT19M7S","false","hd"
"495","9SpaAtgY9YA","PT44M12S","false","sd"
"496","Z58KFHOaLD8","PT13M15S","false","hd"
"497","VEF2Fjc4QeE","PT7M39S","false","hd"
"498","FEpwkaJQh1k","PT15M48S","true","hd"
"499","xnKD4OMenUM","PT11M5S","true","hd"
"500","0SRonXlRHXk","PT5M49S","true","hd"
"501","9i-Lkq1btP0","PT15M9S","true","hd"
"502","Gb2D_x9QsUA","PT27M45S","false","hd"
"503","gx1UiH2h4BQ","PT25M33S","false","hd"
"504","kg_63wV7bL8","PT12M59S","false","hd"
"505","2_PnGH0M37M","PT12M18S","false","sd"
"506","5q-VK2ewO90","PT47M59S","false","hd"
"507","Bgu7f5cq6cQ","PT14M54S","false","hd"
"508","bcavX5cTDbY","PT37M33S","false","sd"
"509","lvYI183UTVY","PT3M32S","false","hd"
"510","Z9FMyLKl_vE","PT55M57S","false","hd"
"511","TZFSPK9oF4I","PT8M26S","false","hd"
"512","xnPK8vPNMfY","PT45M","false","hd"
"513","DNnpc08W5vs","PT47M41S","false","hd"
"514","RtxMB-MQpso","PT20M38S","false","hd"
"515","QKQGDZ2MJow","PT1H15M46S","false","hd"
"516","_5y84mbKXVA","PT25M36S","false","hd"
"517","th_nxlbXtTk","PT1H25M48S","false","hd"
"518","wiMfSjqBhkw","PT7M35S","true","hd"
"519","SoaWJE0jHxs","PT3H25M24S","false","hd"
"520","0H5LCLljJho","PT3H38M52S","false","hd"
"521","xaNs-m3RNFM","PT27M12S","false","sd"
"522","W3P3rT0j2gQ","PT11M59S","true","hd"
"523","mFNxXfwlP3A","PT1H28M41S","false","hd"
"524","cQZ5NBKmhpo","PT30M32S","false","hd"
"525","tJIks_ocpJI","PT1H17M21S","false","hd"
"526","1BQ6-x0jsuY","PT4M23S","false","hd"
"527","YfNBSZ5P_mY","PT1H59M57S","false","sd"
"528","2KrrjLXuq-Y","PT55M47S","false","hd"
"529","ldKM4XOBfng","PT9M14S","false","sd"
"530","JVJeP6m4Id8","PT12M31S","false","hd"
"531","0-ap9KvsQzc","PT19M42S","false","hd"
"532","DvDFPjIggjs","PT47M42S","false","hd"
"533","DnOLvKEYIQI","PT1H4M19S","true","hd"
"534","iGh_zhbuJCA","PT56M4S","false","hd"
"535","KUbfMQ91Mps","PT59M24S","false","hd"
"536","dIfiO58FkSo","PT1H26M34S","false","hd"
"537","3Uoh82gJvbE","PT19M22S","false","hd"
"538","6M6zK017XRU","PT24M7S","true","hd"
"539","qQ7CBzg870Y","PT9M54S","true","hd"
"540","f7JP1M5q_GE","PT33M17S","false","hd"
"541","qei0aY2vww8","PT15M10S","true","hd"
"542","AFIxi7BiScI","PT41M51S","true","hd"
"543","sR6UeVptzRg","PT10M47S","false","hd"
"544","EYwHBG5A4uY","PT13M19S","false","hd"
"545","K689erbK3XI","PT11M28S","false","hd"
"546","-HpBHWUPa8Q","PT59M27S","true","hd"
"547","OKY6BGcx37k","PT49M33S","false","hd"
"548","GUZBwFG-dYM","PT15M12S","true","hd"
"549","bdBgW0jygjk","PT3M51S","true","hd"
"550","kFQJNeQDDHA","PT50M30S","true","hd"
"551","2DH_vYFuJOI","PT17M47S","false","hd"
"552","JHDkALRz5Rk","PT42M26S","true","hd"
"553","ZVBp9cYKFzw","PT48M10S","false","hd"
"554","-5RCmu-HuTg","PT1H30M33S","false","hd"
"555","9UWhlvP5MVU","PT1H37M56S","false","hd"
"556","FEXL5USuDGI","PT1H1S","false","hd"
"557","Z0xSdI72ZnQ","PT6M55S","false","hd"
"558","KrD5beEfHNI","PT11M25S","false","hd"
"559","Bchx0mS7XOY","PT22M3S","false","hd"
"560","uxv3s7xTYHU","PT24M15S","false","hd"
"561","qHwj0L7DpIs","PT8M51S","false","hd"
"562","c_KeluilBcs","PT13M14S","true","hd"
"563","INIG636SnU4","PT1H33M37S","false","hd"
"564","37xIOcNT_qw","PT18M14S","false","sd"
"565","NVkvY2R4qb4","PT11M6S","false","hd"
"566","WYuv-8SjjPg","PT53M25S","false","sd"
"567","d5XTDmm0KUQ","PT1H12M20S","false","hd"
"568","LXrWIFYdtCE","PT14M41S","true","hd"
"569","W8e_dvbXoCQ","PT5H1M12S","false","hd"
"570","6wplEAkNXow","PT1H40M33S","false","hd"
"571","1c06xOF4uQ8","PT59M","true","sd"
"572","AKgq0rnIR7g","PT6M38S","true","hd"
"573","jSDj9E2dgWs","PT19M47S","false","hd"
"574","oOOkfVxkusc","PT58M52S","true","hd"
"575","9PGJmUENh00","PT7M27S","false","hd"
"576","r2xPTP5hr6o","PT11M4S","true","hd"
"577","SGVCxYjftWk","PT8M47S","false","hd"
"578","Z6F-jyrSBgg","PT10M","false","hd"
"579","RchxKfRP2Ww","PT9M52S","true","hd"
"580","vRsMzm8eziM","PT6M51S","false","hd"
"581","DzK8dS3IcVA","PT22M40S","false","hd"
"582","Y2M-lUdMUAo","PT7M54S","true","hd"
"583","bMdG6BrMifA","PT21M13S","false","hd"
"584","DHLRj1LaPiQ","PT25M45S","true","hd"
"585","ed2FWNWwE3I","PT47M49S","true","sd"
"586","852zxDEAR-Q","PT13M22S","false","hd"
"587","Y1OpbDWp8KY","PT1H6M16S","true","hd"
"588","kac9LDwUdPc","PT19M3S","false","hd"
"589","dG7SglDjeOM","PT15M10S","true","hd"
"590","Jt3XPQFLOF8","PT53M48S","false","hd"
"591","9fB0GBwJ2QA","PT17M52S","false","hd"
"592","spfBk9j-8SE","PT2H21M39S","false","hd"
"593","k0Y35EpOiFc","PT1H9M23S","true","hd"
"594","M8RyFNN1ZRw","PT7M59S","false","hd"
"595","GbECT1J9bXg","PT42M26S","false","hd"
"596","jNiRHhkE1JM","PT6M55S","false","hd"
"597","qwNVNE83Udo","PT42M26S","true","hd"
"598","dNiuaKKEPu8","PT10M10S","true","hd"
"599","P9YTKb5PgR0","PT7M40S","false","hd"
"600","rBp4afbDeLk","PT1H56M18S","false","hd"
"601","HnTFi0f-1oE","PT6M14S","false","hd"
"602","KIWmzlgCCyo","PT8M56S","false","hd"
"603","v0Q6DtfUynQ","PT43M33S","false","hd"
"604","MrRqi8-Y8ak","PT34M11S","true","hd"
"605","GxgyU3cZm0o","PT25M12S","false","hd"
"606","SGJ5cZnoodY","PT1H7M51S","false","hd"
"607","zjCOMJDULaE","PT52M30S","false","hd"
"608","xi29GJZllts","PT1H35M9S","true","hd"
"609","gH9UvnrARf8","PT2H23S","true","hd"
"610","pzN4WGPC4kc","PT13M58S","true","hd"
"611","qNbQ0DGVdMM","PT13M","false","hd"
"612","ET_b78GSBUs","PT19M44S","false","hd"
"613","ElIf2DBrWzU","PT19M29S","false","hd"
"614","6jHsraw2NIk","PT8M5S","true","hd"
"615","E0WI_lbztOE","PT12M51S","false","hd"
"616","NxFkEj7KPC0","PT32M37S","false","sd"
"617","K1VTt_THL4A","PT1H20M8S","false","hd"
"618","9-W_kAfRLlQ","PT23M10S","true","hd"
"619","Mar22I6fVBo","PT8M48S","true","hd"
"620","vniA0S0hVrE","PT21M56S","false","sd"
"621","vFJgDtDupJg","PT22M18S","false","hd"
"622","ADDrSvNyqEY","PT17M24S","false","hd"
"623","1NDW72RDMTk","PT1H4M15S","false","hd"
"624","1d3QLPdHysc","PT10M58S","true","hd"
"625","8-gerZ42wN8","PT2M30S","false","hd"
"626","MuuA0azQRGQ","PT7M48S","true","hd"
"627","JBuWrJEb694","PT11M35S","false","hd"
"628","J36xPWBLcG8","PT2H55M5S","false","hd"
"629","913xd1JiJWc","PT10M23S","false","hd"
"630","f8JhC7jaiIc","PT28M38S","false","hd"
"631","ErE-UnQO-DE","PT21M26S","false","hd"
"632","r8aKqW7hqbw","PT9M9S","false","hd"
"633","KWJN9GzcBpg","PT7M28S","false","hd"
"634","To1Lht4ff8U","PT19M44S","false","hd"
"635","E6cKvPo4Dv8","PT1H34M18S","false","hd"
"636","-4OBcRHX1Bc","PT28M46S","false","hd"
"637","w9lTJNSvUNE","PT28M17S","false","hd"
"638","hIXhnWUmMvw","PT50M","true","hd"
"639","noj4phMT9OE","PT57M14S","false","hd"
"640","i7iAK_q70do","PT20M31S","false","sd"
"641","4I-mkuQ9eq4","PT8M48S","true","hd"
"642","fXD-yE2asCY","PT17M5S","true","hd"
"643","gsUumYMZ71s","PT3M2S","false","hd"
"644","UqzbkjfC48M","PT21M46S","false","hd"
"645","pR6BiqrSYq8","PT7M15S","false","hd"
"646","RzD2W9H3XFo","PT2H20M45S","false","hd"
"647","nO9N0TgAblE","PT2H7M14S","false","hd"
"648","XSNqcBNeGk0","PT38M16S","false","hd"
"649","7aTRTvo2ouo","PT8M16S","false","sd"
"650","EJsC-buIkSE","PT1H2M39S","true","hd"
"651","JovtmKFxi3c","PT1H44M30S","false","hd"
"652","DmY28NBeuRY","PT13M18S","true","hd"
"653","ZyLSplHi9y0","PT45M2S","false","sd"
"654","1SPe82HIf4o","PT26M22S","true","hd"
"655","stu2i1r9SCw","PT8M39S","true","hd"
"656","e7PFQ1_gG7g","PT9M51S","false","hd"
"657","feGHmv_eDcw","PT22M10S","false","hd"
"658","Z9ciHpT4WuM","PT10M25S","false","sd"
"659","r1ZLSbQ0r0I","PT5M11S","false","hd"
"660","Tlja_ZhNXdw","PT43M29S","false","hd"
"661","pf1t7cs9dkc","PT19M29S","true","hd"
"662","80aeEsBywTc","PT10M4S","false","hd"
"663","pTr3GJtrBdo","PT22M48S","false","hd"
"664","kCf2Nfd9iCc","PT1M53S","false","hd"
"665","2aTx-7bFRN8","PT4M1S","true","hd"
"666","bah4WFDqKbQ","PT25M24S","false","sd"
"667","opxjXvCQq98","PT34M56S","false","hd"
"668","gMxhIfG0MpY","PT18M59S","false","hd"
"669","PwfLowe1ktM","PT3M38S","true","hd"
"670","KTOQD4bfKLM","PT20M10S","false","hd"
"671","c_aGW9GMu8g","PT8M18S","true","hd"
"672","0Rnq1NpHdmw","PT19M28S","false","hd"
"673","GsO92EQxEYo","PT16M27S","false","hd"
"674","hj-C5BnwwDI","PT11M36S","false","hd"
"675","mh45igK4Esw","PT45M","false","hd"
"676","rK_PrE_1E5k","PT40M51S","false","hd"
"677","KbbtziC2wW4","PT57M11S","false","hd"
"678","Er3o9kIV5XU","PT15M52S","false","hd"
"679","NaYDxJfatYg","PT24M6S","false","hd"
"680","2Pb6C8_fEZw","PT53M56S","false","sd"
"681","pRyQQefUVqE","PT31M46S","false","hd"
"682","xecEV4dSAXE","PT23M50S","false","hd"
"683","_Iwea41ua0Y","PT21M36S","false","hd"
"684","Km-DMU1SQiY","PT48M45S","false","hd"
"685","f70ZmO77FWU","PT9M6S","true","hd"
"686","SDdkkTLCUUQ","PT9M22S","true","hd"
"687","GK8VBltF-ms","PT19M47S","false","hd"
"688","iYWs2pxUF7I","PT48M47S","false","hd"
"689","umL_MFrtLjA","PT16M50S","false","hd"
"690","JBCicP17ZFY","PT13M41S","true","hd"
"691","0XIDykeZplU","PT1H14M57S","false","hd"
"692","I0t8ZAhb8lQ","PT7M18S","false","hd"
"693","8AtOw-xyMo8","PT1H12M3S","false","hd"
"694","wqEsTPaUZF0","PT27M1S","true","hd"
"695","7KvOtAl8cec","PT7H4M2S","false","hd"
"696","8-hahRWhFvg","PT20M9S","false","hd"
"697","xo2ISWrQAsU","PT56M50S","false","hd"
"698","Yu34Nb4mEHg","PT10M30S","false","hd"
"699","3Ytm_GnTkl0","PT18M40S","true","hd"
"700","ahOvTUkzwqg","PT48M53S","true","hd"
"701","PmLIGwqkqTw","PT1H37M57S","false","hd"
"702","NYbf-1jsZqM","PT8M12S","false","hd"
"703","p-uBOXzh394","PT48M8S","false","hd"
"704","iCUG6UgRMbg","PT7M19S","false","hd"
"705","l_htSPGAY7I","PT18M13S","false","hd"
"706","3Bf_bxfE5gw","PT47M27S","false","sd"
"707","5-46n5yBE9g","PT6M22S","false","hd"
"708","Q9Q53KWZFMU","PT1H11M37S","false","hd"
"709","SiijS_9hPkM","PT16M43S","false","hd"
"710","HEabFNfpEk0","PT13M26S","false","hd"
"711","x6djNnFxr3w","PT8M11S","false","hd"
"712","6HngwHe3QCA","PT32M57S","true","hd"
"713","NzDhm808oU4","PT12M42S","false","hd"
"714","pKlSvrKpuD8","PT8M2S","true","hd"
"715","s6MwGeOm8iI","PT31M58S","false","hd"
"716","zdR-I35Ladk","PT40M49S","false","hd"
"717","jp71VWgqURQ","PT11M39S","true","hd"
"718","fhHH1AJtZ3Y","PT6M57S","true","hd"
"719","XD0Zx4_CkBw","PT12M56S","false","hd"
"720","KLODGhEyLvk","PT10M58S","false","hd"
"721","pCjY3ZQY8WY","PT13M1S","true","hd"
"722","wdFrqCovuSc","PT2H31M","false","hd"
"723","ZcwDSEUzCpk","PT24M30S","true","hd"
"724","qJRZeVQpMnk","PT8M19S","true","hd"
"725","A2nUtvHfDI8","PT6M39S","false","hd"
"726","uPxct29FqD0","PT10M59S","false","hd"
"727","eS_ym2wswUc","PT5M36S","false","sd"
"728","2FVfJTGpXnU","PT16M9S","true","hd"
"729","QoXdXPg_8dg","PT9M8S","false","hd"
"730","ULczFFENOy8","PT36M20S","false","hd"
"731","VLdT95OhZTs","PT8M2S","false","hd"
"732","7sDdWHI3iWg","PT32M52S","true","hd"
"733","efs3QRr8LWw","PT2H49M32S","false","hd"
"734","Knmy7RttHx4","PT1H33M14S","false","hd"
"735","RFxXl9eAWV4","PT41M42S","false","hd"
"736","gA1s15sCi34","PT1H50M2S","false","hd"
"737","tQEtXWdID0k","PT8M39S","false","hd"
"738","z2VZ_OGz0RU","PT6M12S","false","hd"
"739","855Am6ovK7s","PT1H38M58S","true","hd"
"740","6Pm0Mn0-jYU","PT25M45S","true","hd"
"741","m9A4FMpwcQM","PT1H25M31S","true","hd"
"742","Jccvh47hIPA","PT8M57S","false","hd"
"743","_E7DlL3IS8I","PT9M27S","true","hd"
"744","s-clvDxl8qI","PT1H20M52S","false","sd"
"745","hGkGIKiFv5o","PT8M35S","true","hd"
"746","AWDGrez4L7U","PT11M17S","false","hd"
"747","lLHaIw3DVgk","PT1H40M21S","false","hd"
"748","ipaP5zTVKKU","PT4M28S","true","hd"
"749","iry0QhiuulM","PT16M34S","true","hd"
"750","GK28zT_mcP4","PT35M38S","false","hd"
"751","xJcNa2-jprs","PT26M21S","false","hd"
"752","4pCGLT65uMU","PT1H30M26S","false","hd"
"753","TL5MROuIaGU","PT26M47S","true","hd"
"754","6xrJy-1_qS4","PT0S","false","sd"
"755","qsxKewQB2Rs","PT56M48S","false","sd"
"756","sWFe7IiNWEo","PT10M13S","false","sd"
"757","UMKOhnvEeeo","PT7M56S","false","hd"
"758","RXc4TLoHSDM","PT1H12M30S","false","hd"
"759","oRFieILK_xQ","PT2H42M4S","false","hd"
"760","1gdHZ3wDiZc","PT10M11S","false","hd"
"761","qMsFhV1jhCE","PT12M7S","false","hd"
"762","c2IeCyBkFbI","PT7M52S","true","hd"
"763","tfAhTtBlb2Q","PT25M4S","false","hd"
"764","jmghNve6QFY","PT10M11S","true","hd"
"765","01HxpQV78o4","PT12M38S","false","hd"
"766","33MP9qtlya8","PT48M38S","false","hd"
"767","4Xo3Fq7GGWk","PT47M34S","true","hd"
"768","3tn1AF0rOiw","PT3H41M12S","false","sd"
"769","R0t7gFSW5aQ","PT25M9S","false","hd"
"770","PBMMUAuU3jQ","PT21M59S","true","hd"
"771","_p5pS2Io-dY","PT1H1M24S","false","hd"
"772","GslPzhFLyas","PT37M37S","true","hd"
"773","kqz7ZqWkm4o","PT6M1S","false","hd"
"774","SAgYiERRDPY","PT6M4S","false","hd"
"775","IYfgvS0FA7U","PT19M33S","false","hd"
"776","enOx_2plr-Y","PT11M44S","false","hd"
"777","04wyGK6k6HE","PT2H50M6S","false","hd"
"778","0FmO2XKMe6g","PT1H30M7S","false","hd"
"779","CyDCxS758YU","PT27M44S","false","hd"
"780","dA91E07NUNM","PT8M48S","false","sd"
"781","rQgjp0ikgFg","PT54M12S","false","hd"
"782","SKIU53r2uPw","PT41M14S","false","hd"
"783","q1gX9hORtLY","PT8M35S","true","hd"
"784","UrVCvnJk4go","PT9M49S","false","hd"
"785","shK3aNC3wWA","PT13M34S","false","hd"
"786","JSKYOtIfopQ","PT4M47S","true","hd"
"787","-tpPZ74AdpI","PT14M36S","true","hd"
"788","4zk_6doQ480","PT23M2S","false","hd"
"789","0A2zquZ16kE","PT18M32S","true","hd"
"790","53rtu1wmoAc","PT43M51S","true","hd"
"791","4udM9cjqCoM","PT46M1S","false","sd"
"792","jafjNovqjs4","PT9M20S","false","hd"
"793","lx9b313N7E8","PT16M55S","true","hd"
"794","xjDn9jBGeNQ","PT34M20S","false","hd"
"795","0tYm41hb48o","PT2H27M43S","true","hd"
"796","DG4Ox2sTrKU","PT16M22S","true","hd"
"797","k11bfUgPjiw","PT41M29S","false","hd"
"798","eyUcoEfREWo","PT17M29S","false","hd"
"799","aqt1mPF_FQg","PT13M47S","false","hd"
"800","ffEVhvIrbC8","PT10M21S","false","hd"
"801","0V5ckcTSYu8","PT15M21S","false","hd"
"802","a_Ht1Eyin1E","PT26M49S","false","hd"
"803","4RoZrtBijRY","PT21M34S","true","hd"
"804","sBp7RybcrHQ","PT11M22S","false","hd"
"805","6t-DbezjINA","PT23M32S","false","hd"
"806","MmWWoMcGmo0","PT13M7S","true","hd"
"807","xvqdhphHrh0","PT1H53M56S","false","hd"
"808","RzOkf-mrDbM","PT48M59S","true","hd"
"809","guZa7mQV1l0","PT50M44S","true","hd"
"810","beYFs9V6BMI","PT46M34S","false","hd"
"811","X-ZFoco_1gQ","PT6M9S","true","hd"
"812","UE4UgMc2QqA","PT11M47S","false","sd"
"813","AL_3OsEsnQc","PT48M","false","hd"
"814","ovtQ7B1qaoE","PT6M17S","true","hd"
"815","d7pXNy0Yumc","PT5M24S","true","hd"
"816","tFlAFo78xoQ","PT3H35M10S","false","hd"
"817","6rn1nP6YNVA","PT36M18S","false","hd"
"818","jr9qwQ5VdEw","PT23M27S","false","hd"
"819","5CyvLzYg1P4","PT20M31S","false","sd"
"820","S16xUKypfeM","PT16M40S","true","hd"
"821","8OCbAFYtXn0","PT52M42S","false","hd"
"822","jjlj7KkzyqU","PT11M6S","true","hd"
"823","rWrdN7_2TcU","PT1H29M51S","false","hd"
"824","srVHSLiO5zo","PT23M2S","false","hd"
"825","kfWRDWYvMjo","PT9M11S","true","hd"
"826","kIwTOCwYke4","PT13M27S","true","hd"
"827","4Yo85aSU3Ec","PT11M13S","false","hd"
"828","lunRYGW9Khw","PT1H38M51S","false","hd"
"829","eabUq1VtuYI","PT10M21S","false","hd"
"830","qDc5Px5f0OE","PT1H30M34S","false","sd"
"831","pX8BXH3SJn0","PT20M54S","false","hd"
"832","xNc-xhH8kkk","PT52M47S","true","sd"
"833","6Aph-MsNK_E","PT9M49S","false","sd"
"834","wn0q5XJqu6E","PT1H5M14S","false","sd"
"835","_qq_-f6zEOo","PT18M6S","false","hd"
"836","yWvOz1vepMg","PT21M4S","false","hd"
"837","k3PZgbQ8auE","PT10M38S","false","hd"
"838","yLdSsFfnDEg","PT50M13S","false","hd"
"839","7y1xJAVZxXg","PT20M6S","false","hd"
"840","FmO3zMlsIpY","PT38M56S","false","hd"
"841","Y_b2i_FvYPw","PT26M39S","true","hd"
"842","WhMGcp9xIhY","PT21M7S","false","hd"
"843","ujX6-6gsoJU","PT12M5S","false","hd"
"844","taHGVdmmyWo","PT1H1M13S","false","hd"
"845","1eD9RDTl6tM","PT44M46S","false","hd"
"846","np_ylvc8Zj8","PT1H18M2S","true","hd"
"847","ReO_Diz7lTQ","PT20M16S","false","hd"
"848","SRdEEC4i_3w","PT58M16S","false","sd"
"849","-avpx8UTakI","PT21M9S","true","hd"
"850","awN5orxDquM","PT15M38S","true","hd"
"851","M2QCeYHhMUc","PT10M34S","false","hd"
"852","O5tAoN8feJ8","PT3M10S","false","hd"
"853","ykq8IkiCgFw","PT13M","false","hd"
"854","Fmh4RdIwswE","PT18M34S","false","hd"
"855","Mmtgt-xs5Gk","PT13M27S","false","hd"
"856","bWH6fS3jZFk","PT10M25S","false","hd"
"857","4Qklyw-CwZ8","PT45M9S","false","hd"
"858","G7lpkPlTe78","PT50M","false","sd"
"859","RwLV4I6BfFI","PT3M12S","true","hd"
"860","fnpaS5VC4zw","PT10M10S","false","hd"
"861","G5QjAcTDkBw","PT26M8S","false","hd"
"862","EuzAbpHBKXo","PT10M45S","true","sd"
"863","G0Cp7DrvNLQ","PT3H57S","false","hd"
"864","smkyorC5qwc","PT1H55M59S","true","hd"
"865","jaI8NQjfuzY","PT16M41S","false","hd"
"866","hB8icFsfJe0","PT8M12S","false","hd"
"867","zVn4miaLINU","PT4M15S","true","hd"
"868","PX5-XyBNi00","PT1H16M55S","false","hd"
"869","As2p2vsdrfk","PT6M2S","true","hd"
"870","r4qQElJUYnM","PT7M25S","false","hd"
"871","5YPMV6ktbx4","PT23M42S","false","sd"
"872","l8ir1nQc7AU","PT27M1S","true","hd"
"873","4pYaBf15xa4","PT1H58M43S","true","sd"
"874","XlrYiJt9IlQ","PT18M56S","true","hd"
"875","P-e6oOyrQ04","PT16M53S","false","hd"
"876","K09L1x11sEA","PT27M56S","false","hd"
"877","4J0d59dd-qM","PT34M48S","false","hd"
"878","wJyT1YSwe-8","PT50M29S","false","hd"
"879","XvbtKAYdcZY","PT1H32M36S","true","hd"
"880","r0dVjeBNANA","PT1H27M42S","false","hd"
"881","VV9DqJQUym0","PT3M29S","false","hd"
"882","VTTBgRneeWE","PT8M14S","false","hd"
"883","ul_dHLfNF5U","PT9M36S","false","sd"
"884","9lQLXArjNs8","PT23M28S","false","hd"
"885","dWtF5qnQkgU","PT8M21S","false","hd"
"886","dJMiVGlnLSc","PT31M","false","hd"
"887","toDHKNqHv4g","PT8M49S","false","hd"
"888","rEuFmuSpVMM","PT10M10S","false","hd"
"889","hHnhqHFgB1g","PT6M47S","true","hd"
"890","wuzz3R2MUN0","PT1H2M1S","false","hd"
"891","25BywC5-p2U","PT54M58S","false","hd"
"892","RUEfyJmaKQc","PT22M31S","false","hd"
"893","szXLoBeZHmA","PT9M53S","false","hd"
"894","K9Bb7MzvVuM","PT2M10S","true","hd"
"895","aH480zit0Tg","PT18M41S","true","hd"
"896","1URSz6-P15k","PT43M21S","false","sd"
"897","GzL5PlP-uyI","PT3M32S","false","hd"
"898","tBYEdgBMzIY","PT1H34M2S","false","hd"
"899","vHGhAIEqJcg","PT5M34S","false","hd"
"900","8xDgrkYcSsw","PT10M4S","false","hd"
"901","h6wOt2iXdc4","PT8M","false","sd"
"902","VY5vXLpJNcw","PT5M34S","true","hd"
"903","XG0-H6kdvyA","PT16M39S","false","hd"
"904","W-eN3O9RCYU","PT11M57S","true","hd"
"905","zSrklyuTlkQ","PT20M","false","hd"
"906","Uo-QIY7ys-k","PT5M37S","false","sd"
"907","KzIgqQPrqpc","PT5M36S","false","hd"
"908","Nztz3yuF3lY","PT22M52S","true","hd"
"909","hPlmEFOeK0s","PT11M25S","true","hd"
"910","6UsHHOCH4q8","PT18M11S","false","hd"
"911","4LaJDOD5cJI","PT22M37S","false","sd"
"912","-9QYu8LtH2E","PT20M41S","false","hd"
"913","G_PUUHLknDI","PT12M10S","false","hd"
"914","ESW4Xzm6R7M","PT10M16S","true","hd"
"915","SEMdAnLYeu0","PT2H50M44S","false","hd"
"916","AJm8PeWkiEU","PT19M39S","false","hd"
"917","iojQ153cai8","PT21M13S","false","hd"
"918","VjVeWvdogMw","PT8M24S","true","hd"
"919","JPAeepqrY-0","PT49M42S","false","hd"
"920","agcGS0pdNGY","PT28M16S","false","sd"
"921","bfN2JWifLCY","PT34M54S","false","hd"
"922","mBtko5BURH4","PT14M40S","false","hd"
"923","o4LuyzLpOLw","PT22M27S","false","hd"
"924","gycdok8tHZU","PT22M31S","false","sd"
"925","wBio3y0Rrbc","PT1H19M10S","false","hd"
"926","sZ7HXCoTzbo","PT7M23S","false","hd"
"927","rq-nNfUrgNc","PT9M1S","false","hd"
"928","3c03hBfakms","PT13M48S","false","hd"
"929","D0Ll6aDOMkU","PT12M5S","false","hd"
"930","bi2hqL5KkHc","PT48M1S","false","hd"
"931","PWsYcoy_HJc","PT6M41S","true","hd"
"932","mHTR-XF6MXU","PT21M48S","false","hd"
"933","sEQcp8WM0oI","PT12M2S","false","hd"
"934","GsKXcUMWP9Q","PT7M40S","true","hd"
"935","oLUSnPB08kc","PT55S","false","hd"
"936","_w3lgXDT9GU","PT59M50S","true","hd"
"937","dOjldTiyCXQ","PT19M5S","false","hd"
"938","jhi2icRXbHo","PT46M20S","false","hd"
"939","_sZH-psg9yE","PT31M10S","false","hd"
"940","5bIqq-QeiEA","PT17M29S","false","sd"
"941","P_6vDLq64gE","PT18M51S","true","sd"
"942","pEQcvcyzQGE","PT13M32S","false","hd"
"943","CacJl0-1Mvg","PT18M57S","false","hd"
"944","pvDXtJBwXAM","PT9M31S","true","hd"
"945","IQriT9dPq60","PT5M28S","true","hd"
"946","9FXjDWOD-BA","PT19M21S","false","hd"
"947","6C-wfV27bzI","PT10M12S","false","hd"
"948","JmgkXkKeghE","PT21M7S","false","sd"
"949","am7Ue1_FPXk","PT9M11S","true","hd"
"950","nGGHim43nKY","PT9M12S","false","hd"
"951","9qqz2HqeMR4","PT36M35S","false","sd"
"952","HJE9ZJmLK40","PT7M21S","false","hd"
"953","DnW9ZQtI1_E","PT42M26S","false","hd"
"954","L6FZD6me5YU","PT35M24S","false","hd"
"955","0mTxpFIw-3g","PT31M45S","true","sd"
"956","LalsulePNyw","PT6M37S","false","hd"
"957","IdwH066g5lQ","PT10M46S","false","hd"
"958","EmtYivWUH7I","PT4M35S","true","hd"
"959","-KQGZa773sI","PT1H57M58S","false","hd"
"960","Yiafb0-gqF4","PT20M20S","true","hd"
"961","wqj9T6wSFMc","PT28M10S","true","hd"
"962","aMcjxSThD54","PT29M56S","false","hd"
"963","lex6USTugUU","PT22M24S","false","hd"
"964","0WuwYdSdjlw","PT15M3S","true","hd"
"965","AyAK3QBnMGQ","PT1H22M42S","false","hd"
"966","D60yjEbQnDg","PT5M23S","false","sd"
"967","PxtXI0K4YJs","PT6M18S","true","hd"
"968","mqoEqWjiE4o","PT8M15S","true","hd"
"969","iErrFDS-YtI","PT10M43S","false","hd"
"970","fdcKzQ0B1BQ","PT4M22S","false","hd"
"971","tNzsNkGUI4g","PT4M36S","true","hd"
"972","pRbeU-0DYb8","PT38M13S","false","hd"
"973","RGgnyfFHgWQ","PT20M5S","false","hd"
"974","17jL5nZrgPw","PT12M53S","false","hd"
"975","43vii7vT44I","PT5M35S","false","hd"
"976","d-6EXZ7yM2E","PT29M14S","false","hd"
"977","PhHtBqsGAoA","PT2H14M25S","false","hd"
"978","ZF42_zQz_Sk","PT27M37S","false","hd"
"979","v5DEROUA568","PT14M50S","false","hd"
"980","4_NppxAt_cY","PT41M38S","false","hd"
"981","zfNP_z8unGU","PT16M27S","true","hd"
"982","cqjhCC4sP4Q","PT39M31S","false","hd"
"983","TUw_IbACsF4","PT8M25S","true","hd"
"984","NdZxI3nFVJs","PT49M13S","true","hd"
"985","PxDK95Q5qN0","PT10M26S","true","hd"
"986","0hY9ODE4TJk","PT1H4M48S","true","hd"
"987","Ut4parvHuZU","PT8M47S","false","hd"
"988","TmNSlF7lcaw","PT1H19M24S","false","hd"
"989","SnMBYMOTwEs","PT1H55M13S","true","hd"
"990","w-eX4sZi-Zs","PT59M3S","false","sd"
"991","rx5hA9G_bac","PT49M59S","true","hd"
"992","s7gDXtRS0jo","PT1H35M31S","false","hd"
"993","c2gw-asbBIM","PT11M51S","true","hd"
"994","jJBtmSR7Nnc","PT27M37S","true","hd"
"995","Pfs6SChEXmc","PT59M1S","false","hd"
"996","FPs_lU01KoI","PT3H19M45S","true","hd"
"997","kAIfU5RBBso","PT10M49S","false","hd"
"998","8IS1UmZK1Nk","PT7M40S","false","hd"
"999","aQH5sWzBZnw","PT28M43S","false","hd"
"1000","I-0P-p1wQu0","PT56M58S","false","sd"
"1001","zhnNIhV4EsU","PT27M39S","true","hd"
"1002","ViDPIyiszoo","PT18M11S","false","hd"
"1003","kroIhGPj4Ho","PT1H56M34S","false","hd"
"1004","zmsotoefXj4","PT35M25S","false","hd"
"1005","bNRwix1A_Ec","PT48M35S","false","hd"
"1006","gJYxz4prbTU","PT13M10S","false","hd"
"1007","FFM_3fYvmNg","PT45M53S","false","sd"
"1008","IZdWcAbCnts","PT1H36M","false","hd"
"1009","ogeVM3JsJoM","PT34M3S","false","hd"
"1010","BTIfGFJqLko","PT42M53S","false","sd"
"1011","qsoX81IaRf0","PT14M12S","false","hd"
"1012","fr5OopWwp98","PT5M1S","false","hd"
"1013","h6NWfVWxqSM","PT50M54S","false","hd"
"1014","64NGNx7WW5E","PT14M43S","false","hd"
"1015","PLnYFdAhFLk","PT3H27M20S","false","hd"
"1016","kZBKmx52eas","PT1H39M11S","false","hd"
"1017","gaXG243f8U0","PT13M7S","false","sd"
"1018","YfHm3TD_7Jk","PT3M59S","true","hd"
"1019","ZAOBgAVcV7Q","PT39M50S","false","hd"
"1020","viDnOz12BFM","PT1H38M53S","false","sd"
"1021","opi8X9hQ7q8","PT29M12S","false","hd"
"1022","X5rZHlqIm3E","PT14M42S","true","hd"
"1023","5z2QAn3b4xw","PT6H33M","false","hd"
"1024","keZu9_Lbne4","PT6M21S","false","hd"
"1025","qXscUrVELIU","PT1H22M47S","false","sd"
"1026","AcItCuUtcPY","PT9M33S","true","hd"
"1027","RTutwy3wNGc","PT25M2S","false","hd"
"1028","LdhQzXHYLZ4","PT21M12S","false","hd"
"1029","RVVfJVj5z8s","PT1H53M17S","true","hd"
"1030","lBVYJcyCnmg","PT7M23S","false","hd"
"1031","Y-AAVy0EBNY","PT1H24M53S","false","sd"
"1032","6sJGNHiQwCo","PT16M2S","false","hd"
"1033","jqi4ZpR2OWI","PT48M22S","true","hd"
"1034","1jCHVsOT8nQ","PT46M57S","true","hd"
"1035","mW-C7WE1xOs","PT8M","true","hd"
"1036","xGF3ObOBbac","PT29M2S","true","hd"
"1037","C8XGd7Lg5GM","PT23M7S","false","hd"
"1038","_aVNbpnKdpM","PT1H12M26S","false","hd"
"1039","vIbRuNdrn6k","PT21M8S","true","hd"
"1040","oW3SfhMDPwY","PT5M7S","false","hd"
"1041","mIZ0Zuo4o7A","PT8M36S","false","hd"
"1042","jIFlKqG9D6I","PT1H1M45S","false","hd"
"1043","yJSkOEqF1xY","PT13M7S","false","hd"
"1044","8V465msZXYw","PT44M13S","false","hd"
"1045","Tu1QZu4rNEU","PT3H17M28S","true","hd"
"1046","URSERvgLDGY","PT1H28M10S","true","hd"
"1047","Jy9tNyp03M0","PT13M49S","false","hd"
"1048","TfIb_UqwtDQ","PT53M18S","false","hd"
"1049","LzAgSp_O03I","PT2H57M34S","false","hd"
"1050","EZk8k5X78MI","PT31M29S","false","hd"
"1051","mEDxgI1XYQ8","PT11M22S","false","hd"
"1052","YJQSuUZdcV4","PT1H38M45S","true","hd"
"1053","Jx376Dq3mJ8","PT7M24S","false","hd"
"1054","AnhOeqva9N8","PT8M33S","true","hd"
"1055","AnXV49ie44Y","PT12M58S","false","hd"
"1056","Couo-cxNipI","PT1H6M53S","false","hd"
"1057","z-PsBNzQI2s","PT24M5S","false","hd"
"1058","GtBcWxjioiM","PT9M46S","true","hd"
"1059","VaMjhwFE1Zw","PT39M44S","true","hd"
"1060","KthKyL1jb8A","PT10M30S","false","hd"
"1061","lGdPcC0zBIQ","PT1H58M4S","false","hd"
"1062","zIwLWfaAg-8","PT40M51S","true","hd"
"1063","sGYl17DiEwo","PT43M7S","false","hd"
"1064","HdWiL0v-jpk","PT35M59S","false","hd"
"1065","vsMydMDi3rI","PT1H3M9S","true","hd"
"1066","bOBDw5tJFoQ","PT18M8S","true","hd"
"1067","JvEas_zZ4fM","PT2H58S","false","hd"
"1068","bDhLMtco2Ls","PT13M25S","false","hd"
"1069","RX28swUzD-U","PT1H47M40S","true","sd"
"1070","TpsEQckXwYI","PT31M13S","true","hd"
"1071","-xmn2ELaMEU","PT48M38S","false","hd"
"1072","RVuMlKBZgyo","PT58M26S","false","hd"
"1073","6FVJlNdr0ho","PT19M59S","false","hd"
"1074","WERVFs8pP4A","PT30M37S","false","hd"
"1075","e_yylKF_7Ww","PT48M52S","false","hd"
"1076","1-NPFORuPCw","PT13M19S","true","hd"
"1077","ZnRX_Cqhwb8","PT50M25S","false","hd"
"1078","mqCSMs-Vtmo","PT6M54S","true","hd"
"1079","3x1aLAw_xkY","PT11M3S","true","hd"
"1080","lmlJyxk8Nc4","PT14M20S","true","hd"
"1081","mMraxhd9Z9Q","PT1H31M22S","false","hd"
"1082","IpYBIfzxpmA","PT1H7M51S","false","hd"
"1083","Tf5C9iroKAE","PT25M30S","false","hd"
"1084","V1KtNZ6iUwM","PT11M51S","true","hd"
"1085","8FKmIDApbe0","PT1H11M55S","false","hd"
"1086","MPb1VNt2EOo","PT57M51S","false","hd"
"1087","EESYomdoeCs","PT21M23S","true","hd"
"1088","WyGq6cjcc3Q","PT22M22S","true","hd"
"1089","YHIucx1HTO8","PT9M27S","false","sd"
"1090","5dPJQHlzGc0","PT8M11S","true","hd"
"1091","CzqONHtFiHQ","PT3H24M46S","false","hd"
"1092","yGiAR9e7qkk","PT3M7S","false","hd"
"1093","x8mXG2nvLig","PT45M44S","false","sd"
"1094","kL3yn8N6nwY","PT2H8M8S","false","hd"
"1095","5c3wWNsmLA0","PT2M4S","true","hd"
"1096","zUqDHgVCdgE","PT4M","false","hd"
"1097","azq0S0DKS50","PT10M27S","true","hd"
"1098","FafhRyKEVso","PT51M50S","false","hd"
"1099","T71ibcZAX3I","PT57M45S","true","hd"
"1100","Q0DmjqKMbbc","PT50M7S","true","hd"
"1101","jiJ0Sw9d7Yc","PT4M5S","false","hd"
"1102","lhULvm3TNl8","PT50M1S","false","sd"
"1103","BwyDCHf5iCY","PT1H1M30S","false","hd"
"1104","4-079YIasck","PT18M37S","false","hd"
"1105","Ad0z75BCyFk","PT12M9S","false","hd"
"1106","IYjeO_n9vQw","PT1H26M33S","false","hd"
"1107","LBmKLsSOFzA","PT10M1S","false","hd"
"1108","V32WHDuy-Do","PT2H47M36S","false","hd"
"1109","W4qRjbob-eI","PT46M43S","false","sd"
"1110","H1HtlagxDMU","PT5M1S","true","hd"
"1111","eQXHc-tJMXM","PT47M16S","false","hd"
"1112","Z0vuheEKMmI","PT59M","true","sd"
"1113","fyScelIT-g4","PT4M39S","false","sd"
"1114","KZ2aFOTf_4Y","PT13M10S","true","hd"
"1115","yNaLEb9mciE","PT15M16S","false","hd"
"1116","FyJqe4fvNAg","PT1H47M9S","false","hd"
"1117","1s5iz6ml-qA","PT11M20S","true","hd"
"1118","Az33CK79b_Q","PT8M12S","false","hd"
"1119","9Auq9mYxFEE","PT0S","false","sd"
"1120","4Q6h2xgJkPQ","PT9M","false","hd"
"1121","selIDIoeXJE","P1DT1H58M46S","false","sd"
"1122","l44z35vabvA","PT30M48S","false","hd"
"1123","qBnYwQtzy5M","PT10M44S","false","hd"
"1124","6s4Bx7mzNkM","PT20M38S","false","hd"
"1125","d4yJAF0WDdk","PT17M44S","false","sd"
"1126","4BOCNAc5q6s","PT8M2S","false","hd"
"1127","AscPHmLWo-M","PT2H42M32S","false","hd"
"1128","GaDuhI8mRmc","PT10M7S","false","sd"
"1129","kfmPfF0uons","PT5M25S","true","hd"
"1130","xvKajPGhzQA","PT1H43S","false","hd"
"1131","lOSQvNDIGaU","PT7M47S","false","hd"
"1132","WBFoV6jn79c","PT46M39S","true","hd"
"1133","5ckKeuH9j9A","PT12M57S","false","hd"
"1134","WZSD2cUjGOE","PT10M35S","false","sd"
"1135","-L7o6HtX8Vg","PT26M48S","true","hd"
"1136","9ai-hrsQMC8","PT28M33S","false","sd"
"1137","2YNJCfrgTfQ","PT5M10S","true","hd"
"1138","t1bzr4ZiBPw","PT12M44S","false","hd"
"1139","ulVcyCEBFtw","PT12M22S","false","hd"
"1140","pXksLYW4380","PT1H3M45S","false","hd"
"1141","dPbmpbRgbno","PT4M20S","false","hd"
"1142","JZc7ja_apqk","PT13M46S","false","hd"
"1143","7AJtb-uSTr4","PT11M54S","false","hd"
"1144","QRnDXBuslk4","PT2M59S","false","sd"
"1145","BzCqQKnF9Oo","PT22M52S","false","hd"
"1146","tWtOlwv3Qg8","PT1H23M46S","false","hd"
"1147","B6uj62KTuoo","PT4M13S","true","hd"
"1148","26CVFiOopjg","PT1H7M37S","false","hd"
"1149","dRFbwjwQ4VE","PT20M58S","false","hd"
"1150","dfjIIK6qt-g","PT15M43S","true","hd"
"1151","m8UQ4O7UiDs","PT23M7S","false","hd"
"1152","WejRt8DZ1gE","PT17M20S","true","hd"
"1153","WTQ6Csx47RM","PT7M52S","false","hd"
"1154","utBOYZ0pDo4","PT25M7S","false","hd"
"1155","Ooq017Fez_w","PT21M55S","false","hd"
"1156","ci6l_WHjl6g","PT1H15M32S","false","sd"
"1157","rs2RlZQVXBU","PT20M27S","false","hd"
"1158","H32z45o0WxA","PT8M34S","true","hd"
"1159","zd3d-9fvp7g","PT1H35M4S","false","sd"
"1160","3jus-OaJV8E","PT28M20S","false","sd"
"1161","arutkG207vI","PT34M24S","false","hd"
"1162","s0dMTAQM4cw","PT42M26S","true","hd"
"1163","RX5Iw-XsWu4","PT3H1S","false","hd"
"1164","f9AuFaqOgS0","PT7M28S","true","hd"
"1165","Zb9dJeV4vg0","PT25M29S","false","hd"
"1166","-ePZ7OdY-Dw","PT42M26S","false","hd"
"1167","HRlow7bxFMM","PT8M45S","false","hd"
"1168","Ad-YqwhUsTE","PT27M16S","true","hd"
"1169","U6Eo558ZrCQ","PT41M47S","false","sd"
"1170","AjqaNQ018zU","PT18M9S","false","hd"
"1171","NcSUF8erpfU","PT7M53S","true","hd"
"1172","N2vUs_btP4g","PT42M43S","false","hd"
"1173","uva5wSKbeno","PT1H34M32S","false","hd"
"1174","5ZuIN2Hx-gY","PT5M15S","true","hd"
"1175","5Htf_F6Nmtg","PT56M34S","false","sd"
"1176","EK94Yq5qXE4","PT8M11S","true","hd"
"1177","SM4C3_nMN_g","PT29M44S","false","hd"
"1178","gdjKuIhiu6c","PT36M2S","false","hd"
"1179","jY3axuAm2AA","PT1H7M49S","false","hd"
"1180","DexRKrJjqr0","PT1H15M45S","false","hd"
"1181","3RfxS5Om3Yk","PT13M8S","true","hd"
"1182","-3ZJerXUEHo","PT33M21S","false","sd"
"1183","aeT3YOYsvMs","PT14M11S","true","hd"
"1184","MIz4TkEVJ0Q","PT24M47S","false","hd"
"1185","-rqz7LjH7aU","PT56M","false","sd"
"1186","YLuZjpxmsZQ","PT13M1S","false","sd"
"1187","MNM833K22LM","PT12M16S","false","hd"
"1188","yZXPEXcLbu0","PT14M18S","false","sd"
"1189","TSkoq-pxyh4","PT12M20S","true","hd"
"1190","5w7irByBNFo","PT9M30S","false","hd"
"1191","Wpzvaqypav8","PT21M14S","false","hd"
"1192","CWrwv6-OonU","PT6M51S","false","sd"
"1193","qtzqsoM7-q4","PT54M33S","false","sd"
"1194","btJazTimH4M","PT14M31S","false","hd"
"1195","scAqopo093U","PT46M2S","true","hd"
"1196","G1wsCworwWk","PT11M36S","true","hd"
"1197","Dh1JZVjKUAo","PT28M10S","false","hd"
"1198","3qWanfXjOJQ","PT28M16S","true","sd"
"1199","E3URhJx0NSw","PT1H34M11S","false","hd"
"1200","Et0bG8V1cCk","PT10M39S","false","hd"
"1201","Rxmw9eizOAo","PT2H45M29S","false","hd"
"1202","7MNv4_rTkfU","PT1H27M17S","false","hd"
"1203","3Sbw0lZ9LmY","PT9M49S","false","hd"
"1204","obmBXCzTp2Q","PT7M19S","true","hd"
"1205","oXWeP8TrIvU","PT1H16M12S","false","hd"
"1206","qZeosT6aGx8","PT8M","true","hd"
"1207","bJYtPHXm9hQ","PT18H6M37S","false","sd"
"1208","7DEiXWZrEak","PT2H7M19S","false","hd"
"1209","B9XGUpQZY38","PT28M47S","true","hd"
"1210","UDY5COg2P2c","PT39M36S","true","sd"
"1211","cec3p3ZASio","PT32M45S","false","hd"
"1212","iZN-3ExNDJc","PT29M37S","false","hd"
"1213","mZYgzW2fS0o","PT48M41S","false","sd"
"1214","w_Ma8oQLmSM","PT0S","false","sd"
"1215","7P_stDcFjAM","PT8M35S","false","hd"
"1216","OjXWVSbWBV4","PT35M16S","false","hd"
"1217","FiXgBBA0wT0","PT13M20S","true","hd"
"1218","f7YEykBu1NU","PT1H32M26S","false","hd"
"1219","5VEmOvfAvpw","PT1H6S","false","hd"
"1220","sWx1r9hnMgg","PT8M4S","true","hd"
"1221","XhK1QIQluSc","PT1H1M34S","false","hd"
"1222","oZH4n6DfcFw","PT49M29S","false","sd"
"1223","ego7_Y5DECw","PT8M6S","false","hd"
"1224","vhxq07qooMA","PT5M20S","false","hd"
"1225","HOeSwjhSGoM","PT14M19S","true","hd"
"1226","hWiBt-pqp0E","PT9M16S","false","sd"
"1227","iZVd2HNuPtE","PT1H11S","true","hd"
"1228","OAGVUa55NJc","PT1M42S","true","hd"
"1229","RHot3XQQ_5Q","PT12M7S","false","hd"
"1230","lj3NhPgOoX4","PT1H6M9S","false","hd"
"1231","feN_YwsQg5A","PT8M44S","false","hd"
"1232","dPgcKJVI4x4","PT10M19S","true","hd"
"1233","hWLQ7fjlJwg","PT30M47S","false","hd"
"1234","StybwIP8O8k","PT55M57S","false","hd"
"1235","WA0wKeokWUU","PT16M26S","false","hd"
"1236","57gaB1VtJiQ","PT50M2S","true","hd"
"1237","8y631paPoPA","PT1H9M6S","false","hd"
"1238","i2F98rdXswQ","PT16M18S","false","hd"
"1239","NK8C_rCz1yw","PT1H48S","false","hd"
"1240","zxt0n-o9n1k","PT1M59S","false","hd"
"1241","KeAwvA8u0tk","PT6M15S","true","hd"
"1242","73nXMQO-new","PT1H10M33S","false","hd"
"1243","cuzXR-5w4Qk","PT35M56S","true","sd"
"1244","dXyO_MC9g3k","PT22M3S","false","hd"
"1245","SfJt-W7fwTY","PT28M54S","true","hd"
"1246","F2xv4fba65U","PT14M9S","true","hd"
"1247","HPe6BgzHWY0","PT1H17M6S","true","hd"
"1248","dotWWDtT-rs","PT13M26S","false","hd"
"1249","ts8_yMkAbNg","PT49M59S","false","hd"
"1250","EBgHuQoRHp0","PT5M17S","false","hd"
"1251","IoGp9vgeGRc","PT19M43S","true","hd"
"1252","mS9CFBlLOcg","PT25M46S","true","hd"
"1253","MOYBlOBhQWE","PT10M35S","false","hd"
"1254","-V2Xkqz9OoQ","PT7M25S","false","hd"
"1255","-fusUxEPwsw","PT28M26S","false","hd"
"1256","dEeLEyIJESo","PT10M26S","false","hd"
"1257","yZYQpge1W5s","PT1H42M14S","false","hd"
"1258","RgFSDjFaWCA","PT6M36S","false","hd"
"1259","5ANo1DYSWyc","PT58M27S","false","hd"
"1260","ORp3q1Oaezw","PT18M53S","false","hd"
"1261","3saEeDkemOA","PT2M52S","false","hd"
"1262","qkFlVnHVHzI","PT1H4M31S","false","hd"
"1263","kLf0qFckh7o","PT6M57S","false","hd"
"1264","SZeyT5OvomE","PT18M43S","true","hd"
"1265","TTzwdmpbbHA","PT8M16S","true","hd"
"1266","vYFsmoUkI48","PT43M27S","false","hd"
"1267","ESGX1OUKPQ0","PT27M31S","false","hd"
"1268","CnmMNdiCz_s","PT6M7S","false","hd"
"1269","TNVf7JjEs3M","PT5M7S","false","hd"
"1270","S9HgIGzOENA","PT55M40S","false","hd"
"1271","c1nIqzwXT-s","PT20M28S","false","hd"
"1272","RX7yuGswAVs","PT23M40S","false","sd"
"1273","P2DTrj0ebcE","PT44M21S","false","sd"
"1274","mdaX5vguCDk","PT53M3S","true","hd"
"1275","1Gdd2x9AIJw","PT38M54S","false","hd"
"1276","xGfeQ1jytII","PT19M3S","false","hd"
"1277","XHvorgzTiek","PT1H5S","false","sd"
"1278","ycPr5-27vSI","PT2H37M3S","false","hd"
"1279","fsWRklptl4Y","PT5M29S","true","hd"
"1280","8cvhwquPqJ0","PT42M56S","true","hd"
"1281","CQELHJx8Vf0","PT38M20S","false","sd"
"1282","PHe0bXAIuk0","PT31M","true","hd"
"1283","NGJkVSm-MeY","PT10M49S","false","hd"
"1284","OM9f2YAKIJg","PT14M39S","true","hd"
"1285","_FE45iWX0do","PT48M56S","true","sd"
"1286","WZbR5DMksDE","PT14M21S","true","hd"
"1287","2hdDE7XYr30","PT2H6M7S","false","hd"
"1288","9Xc7DN-noAc","PT3H20M22S","false","hd"
"1289","9KC0gbIYN90","PT1H13M26S","false","hd"
"1290","Tz8PZ4pge2I","PT1H8M49S","false","hd"
"1291","P7QWifeY2_A","PT25M51S","false","hd"
"1292","v3abZ4aAGUU","PT2M27S","true","hd"
"1293","YNbxZFF7d6c","PT12M12S","true","hd"
"1294","4v_fh6CDPJA","PT40M1S","false","sd"
"1295","PKcONG35yxI","PT17M57S","false","hd"
"1296","tvnTnC9ldZs","PT51M36S","false","sd"
"1297","zy1as6CTYXI","PT1H45M55S","true","hd"
"1298","aLajkg5e8U0","PT59M9S","true","sd"
"1299","bUFgxduAHaM","PT5M8S","true","hd"
"1300","7VG_s2PCH_c","PT27M15S","false","hd"
"1301","qzv6EhE7Cbo","PT33M43S","false","hd"
"1302","2fS9ixfQ_no","PT1H46M1S","false","hd"
"1303","PWpDCLZQfxQ","PT3H2M10S","false","sd"
"1304","8Lvrikv6oPs","PT27M17S","false","hd"
"1305","XCy4UpptgdM","PT13M11S","true","hd"
"1306","k_KXhsBCLSs","PT16M23S","true","hd"
"1307","U9DyHthJ6LA","PT31M1S","false","hd"
"1308","3PiZSFIVFiU","PT9M57S","false","sd"
"1309","foVJS7aVN4I","PT23M15S","true","hd"
"1310","6OQAHcB72dg","PT4M53S","false","hd"
"1311","eQ9dU4pAxTc","PT17M15S","false","sd"
"1312","T1nlr2wEKj4","PT15M35S","true","hd"
"1313","mS5WYp5xmvI","PT53M34S","true","hd"
"1314","zX-n-vMWmes","PT19M24S","false","hd"
"1315","8OjIBIfiB84","PT15M2S","false","hd"
"1316","vBV-mm84rSI","PT33M29S","false","hd"
"1317","36ol0vDkh5s","PT7M59S","false","hd"
"1318","EZMyR2_oh-I","PT7M44S","false","hd"
"1319","o0G0Eub6YmY","PT12M35S","false","hd"
"1320","lyD9t3uhHio","PT19M47S","false","hd"
"1321","wFKkVvUgUUk","PT8M19S","true","hd"
"1322","6LtEO8lYc3k","PT38M43S","false","hd"
"1323","O9NuMRf-8L0","PT56M14S","true","hd"
"1324","mj4bWcbNO5k","PT1H14M","false","hd"
"1325","ccK2GifNn4A","PT44M55S","false","hd"
"1326","YT5VECbL3Os","PT41M44S","false","hd"
"1327","aww4HT5g7ig","PT7M8S","false","sd"
"1328","B965f8AcNbw","PT1H3M45S","false","hd"
"1329","nzCaZQqAs9I","PT10M8S","true","hd"
"1330","RcwQRLuWsI4","PT24M6S","false","hd"
"1331","lychTT79gKI","PT8M50S","false","hd"
"1332","Q2MEtOPzcUs","PT10M15S","false","hd"
"1333","zfOTfWuSdM0","PT5M52S","false","sd"
"1334","HgPcAg3oXkI","PT18M29S","true","hd"
"1335","L-ap4Ois2wc","PT35M9S","false","hd"
"1336","egRgweL12Uc","PT10M33S","false","sd"
"1337","2YNRZXtanN8","PT13M20S","false","hd"
"1338","s4sEzlbeVMw","PT12M25S","false","hd"
"1339","orrOpW0dmiw","PT10M26S","false","hd"
"1340","2N9RCQjPqh4","PT13M37S","true","hd"
"1341","2BUA_nUI-Oo","PT15M26S","false","hd"
"1342","heK471H-s1s","PT9M37S","true","hd"
"1343","FwBy09hT4OU","PT12M54S","false","hd"
"1344","BhdENw-vhDQ","PT19M6S","false","hd"
"1345","hgHm_D7LZaY","PT8M34S","true","hd"
"1346","xu4gd_r1tsY","PT1H19M23S","false","hd"
"1347","K6F_wM273W0","PT11M8S","false","hd"
"1348","roNnka8B4lI","PT8M58S","true","hd"
"1349","FsJRek2rVc0","PT13M18S","false","hd"
"1350","hDt5kVOfwfY","PT43M21S","false","sd"
"1351","YvOW56x29B0","PT16M7S","false","hd"
"1352","mAwgdX5VxGc","PT35M19S","false","hd"
"1353","7heWIuEJcS4","PT26M31S","true","hd"
"1354","GNlQjzje2gw","PT15M15S","false","hd"
"1355","TvTjREdHO0I","PT31M33S","false","hd"
"1356","dfI2UnpjNU4","PT17M33S","false","hd"
"1357","RKu2ChYGL-I","PT1H4M24S","false","hd"
"1358","lLd7XzAiVds","PT4M13S","true","hd"
"1359","VTpSl5KUbFc","PT6M1S","true","hd"
"1360","x9QHlEbO4OM","PT20M49S","false","hd"
"1361","hd7u5_L9rIs","PT1H21M21S","false","sd"
"1362","tSq5SFDEtqA","PT8M2S","false","sd"
"1363","4QmUMTa2hy0","PT5M40S","false","sd"
"1364","A6wlnPqNLWA","PT8M46S","false","hd"
"1365","QnK9evpa4j8","PT10M41S","true","hd"
"1366","1R9ukhOfJJw","PT15M56S","true","hd"
"1367","SHeWtAXYPdo","PT8M19S","true","hd"
"1368","4Sp0fjAeF60","PT49M5S","false","hd"
"1369","ubNmT8FzHLo","PT10M21S","false","hd"
"1370","HdQSugZFt4s","PT37M6S","true","hd"
"1371","Nbmr_eM2DnQ","PT7M26S","true","hd"
"1372","gWbaUfFfhlY","PT1H31M9S","true","hd"
"1373","tmWTkALTja0","PT58M49S","false","hd"
"1374","V-tykQX4WYE","PT7M26S","false","hd"
"1375","o-jcIWwTbJg","PT11M9S","false","hd"
"1376","d8ZuB8Go7eU","PT34M25S","false","hd"
"1377","nqLcxzv2_-o","PT43M32S","false","hd"
"1378","3H_C0BMyGCA","PT36M56S","false","hd"
"1379","EdDeNih73eI","PT23M26S","false","hd"
"1380","21gALDYI1rs","PT14M58S","false","hd"
"1381","w7Ax3HQaPvM","PT17M50S","false","hd"
"1382","LEKgxZbFG_k","PT37M49S","false","sd"
"1383","z0hrMg1j_d4","PT10M58S","true","hd"
"1384","HwraYurzJEg","PT8M46S","false","hd"
"1385","d732rPkjqOU","PT56M40S","false","hd"
"1386","DhVMJ10FvJU","PT9M45S","false","hd"
"1387","m2ocSO-J4mM","PT54M40S","false","sd"
"1388","2tp0UNcjzl8","PT32M42S","false","hd"
"1389","_iudkPi4_sY","PT38M40S","false","hd"
"1390","9NUK-kWaN4w","PT1M26S","true","hd"
"1391","XW_KhFq4LQo","PT2H4M52S","false","hd"
"1392","fYUSDN64Bx4","PT20M11S","false","hd"
"1393","TPpoJGYlW54","PT8M49S","true","hd"
"1394","asQ8KFrZY84","PT49M56S","false","hd"
"1395","8sCEOBO02hQ","PT58M16S","false","sd"
"1396","duQow41bTx0","PT8M45S","true","hd"
"1397","peUrLZ24GfM","PT31M46S","false","hd"
"1398","ykyuOl6IKog","PT10M52S","false","hd"
"1399","sqI5_jH-AbY","PT11M50S","true","hd"
"1400","_vrrfRnqqus","PT52M22S","false","sd"
"1401","mZqNiQxJLSU","PT47M19S","false","hd"
"1402","DSBtSmRa9fg","PT15M45S","false","sd"
"1403","Bmvxx_YbDsM","PT15M51S","false","hd"
"1404","RexUJeWmzSE","PT9M","true","hd"
"1405","AUrerjW2IuI","PT20M31S","false","hd"
"1406","JJSod2YwbrA","PT8M45S","true","hd"
"1407","u9S-gwm-AQM","PT48M14S","false","hd"
"1408","QA1U1wcieFI","PT10M16S","true","hd"
"1409","4ajZqoeC-So","PT49M37S","false","sd"
"1410","ywPqLCc9zBU","PT47M19S","false","hd"
"1411","xxjT7nK0Q9k","PT43M3S","true","hd"
"1412","lPST_2SwGtI","PT7M15S","false","hd"
"1413","jTRC_FMzLoo","PT17M37S","true","hd"
"1414","ki6BqfBwgcA","PT1H16M58S","false","hd"
"1415","CVuVlk2E_e4","PT1H31M12S","false","hd"
"1416","UYbtUztVctI","PT24M12S","false","sd"
"1417","10S2u6LwBCg","PT16M47S","false","hd"
"1418","EFxNtTks9VU","PT7M46S","false","hd"
"1419","BJJpTGN6oSE","PT4M51S","false","sd"
"1420","wtHZfBX0vwU","PT23M59S","false","hd"
"1421","ZwY2E0hjGuU","PT18M17S","true","hd"
"1422","Uv_zBYlZJR8","PT19M53S","false","hd"
"1423","_ixJXruwWOY","PT58M38S","false","hd"
"1424","12DHtJeF_ps","PT46M35S","true","hd"
"1425","QXpbjzofb7Y","PT6M39S","true","hd"
"1426","LGvnHvba_b0","PT10M7S","true","hd"
"1427","Ij30uPjBZzs","PT14M16S","false","sd"
"1428","7W33HRc1A6c","PT8M4S","false","sd"
"1429","e98L6mftkNU","PT1H41M57S","false","sd"
"1430","1Qn-eBkCWWo","PT16M43S","false","hd"
"1431","iyFT8qXcOrM","PT22M8S","false","hd"
"1432","7xDmCLP5mhY","PT5M27S","false","hd"
"1433","LIgmfpHBiDw","PT5M12S","false","hd"
"1434","MK94JW2axWg","PT13M3S","false","hd"
"1435","2ufWTuLNo_I","PT10M46S","true","hd"
"1436","PpV_5-tCS-c","PT10M55S","false","hd"
"1437","ySH1qEudr50","PT28M24S","false","hd"
"1438","rCzmgPwoj28","PT16M11S","false","hd"
"1439","Tfb99MZlqKY","PT21M22S","true","hd"
"1440","xQpmSBpXvN8","PT18M49S","false","hd"
"1441","O7zewtuUM_0","PT8M51S","true","hd"
"1442","tKIJKQRb53o","PT40M55S","false","hd"
"1443","Ym1NLvmcl0k","PT20M38S","true","hd"
"1444","VlD8Mjxigws","PT5M4S","false","hd"
"1445","uvCZiuqt5f4","PT9M13S","true","hd"
"1446","NxgIRftwZ8I","PT1M23S","false","hd"
"1447","X4_7A-SGLo8","PT21M40S","false","hd"
"1448","36usSPWHB2I","PT6M5S","true","hd"
"1449","iqdSagycCWc","PT11M1S","false","sd"
"1450","7_71QZAGje8","PT56S","true","hd"
"1451","-FKizYqvXXI","PT10M","true","hd"
"1452","trlE44boOBM","PT12M12S","false","hd"
"1453","BXXgK9iMuds","PT12M17S","false","sd"
"1454","gwsboAHjCtY","PT4M58S","true","hd"
"1455","owtSI3wYCdU","PT4M36S","false","hd"
"1456","JA3O0NVb-sk","PT4M38S","false","hd"
"1457","wf0_nMaQ6tA","PT3H2M6S","false","hd"
"1458","fapzPQPsSao","PT12M57S","true","hd"
"1459","LAx_3rFEZDM","PT6M31S","false","hd"
"1460","taPLOQIY8Vo","PT9M25S","true","hd"
"1461","Kg7UWnNF_rA","PT15M9S","false","hd"
"1462","2bWNF_eNwvI","PT48M49S","true","hd"
"1463","owihNaXaZVw","PT32M","false","hd"
"1464","3inhQffPlAI","PT26M7S","false","hd"
"1465","s5PdJxshxuo","PT32M14S","false","hd"
"1466","aJrBBz_yjIo","PT11M30S","true","hd"
"1467","gysW87xniUE","PT7M27S","false","hd"
"1468","wXyaG6fgswc","PT1H26M13S","false","hd"
"1469","ZK7MHYXe7ms","PT23M52S","false","hd"
"1470","t6lUGT4Cgmk","PT23M22S","false","sd"
"1471","3Ub6BdLFWyg","PT8M10S","false","hd"
"1472","t6_VsWYljB4","PT18M39S","false","hd"
"1473","zlOWx7Ft3SQ","PT43M50S","false","hd"
"1474","yrxYhv2O3wU","PT52M41S","true","hd"
"1475","PbcY9iya40o","PT47M18S","false","sd"
"1476","qVIXUhZ2AWs","PT18M48S","false","hd"
"1477","RTGBJMDcras","PT14M8S","false","hd"
"1478","zN1PyNwjHpc","PT1H10M38S","false","sd"
"1479","jnnsXLFDduQ","PT5M23S","false","hd"
"1480","yS9vDFKDXMo","PT9M5S","true","hd"
"1481","J7oLjAAIsKg","PT2M47S","true","hd"
"1482","wazg6u3ESco","PT1H9M11S","false","hd"
"1483","YqdsNxS_fk8","PT22M","false","sd"
"1484","1P4fAza_myQ","PT10M8S","false","hd"
"1485","gwUJHNPMUyU","PT51M5S","false","sd"
"1486","ly6pz1_AKiE","PT11M26S","false","hd"
"1487","RTnAJQTsfzc","PT48M","false","hd"
"1488","0pmviUS1Zac","PT2H20M43S","false","hd"
"1489","SQDEDR0JXdE","PT54M23S","false","hd"
"1490","2kHUA-Zma1U","PT25M58S","false","hd"
"1491","O0dbSxAKljk","PT8M10S","false","hd"
"1492","gTnGce3FXDo","PT19M56S","false","sd"
"1493","5iGClYMpcpE","PT29M57S","false","hd"
"1494","OTktJvum7cs","PT8M28S","false","hd"
"1495","o25I2fzFGoY","PT9M27S","false","sd"
"1496","xMTCRuBJYkA","PT8M51S","true","hd"
"1497","5rpiW1OysSg","PT0S","false","sd"
"1498","Chlk-wG0Iv4","PT20M","false","hd"
"1499","qxF_CDDJ0YI","PT56M29S","false","hd"
"1500","CXANL8m6cfg","PT59M33S","false","hd"
"1501","cvFyZoTDZ2U","PT9M53S","false","sd"
"1502","ZNUPlumBeHU","PT8M5S","true","hd"
"1503","o3XyiJaxuAA","PT6H27M17S","false","hd"
"1504","p-YaTGA4kW0","PT26M52S","false","hd"
"1505","OgXIEUd2wUM","PT32M13S","false","hd"
"1506","SEZwkbliJr8","PT59M30S","false","hd"
"1507","2TX4fW1dD4E","PT19M31S","true","hd"
"1508","FQsCQQEG-JA","PT56M37S","true","hd"
"1509","a2y4_eOOn_Y","PT11M23S","true","hd"
"1510","nTUvndhI5gY","PT7M34S","false","hd"
"1511","RoVHUaZkAHM","PT57M2S","false","hd"
"1512","4t58WTIJVOU","PT14M18S","false","hd"
"1513","Hx_4dcuD6pI","PT58M33S","false","hd"
"1514","YAr7O8-iRgQ","PT1H23M15S","true","hd"
"1515","GCSXNGc7pfs","PT30M26S","false","hd"
"1516","fMKDPkHVwBg","PT44M24S","false","hd"
"1517","sD0B-X9LJjs","PT1H7M42S","true","sd"
"1518","AtK_YsVInw8","PT9M44S","false","sd"
"1519","lbwyIihWFPg","PT9M59S","false","hd"
"1520","vNgcHhLbBBM","PT26M44S","false","hd"
"1521","F5AaJCcXPNA","PT3H20M33S","false","hd"
"1522","ROqZD3a0Ttg","PT8M24S","true","hd"
"1523","NJ9UtuWfs3U","PT21M48S","true","hd"
"1524","0utzB6oDan0","PT20M6S","false","hd"
"1525","iC7Lh4opLsc","PT28M14S","true","hd"
"1526","EqulyMs_M2M","PT19M39S","false","sd"
"1527","ZA02qZndDSA","PT29M25S","false","hd"
"1528","ukl8R1Vesew","PT13M23S","true","hd"
"1529","H15uuDMqDK0","PT18M56S","false","hd"
"1530","NCMDyWmxndI","PT37M10S","false","hd"
"1531","t4YXfwEa4hM","PT10M3S","false","hd"
"1532","5hX28XIIhSQ","PT8M43S","false","sd"
"1533","aqfAlRclqqE","PT10M20S","true","hd"
"1534","Cr3Y6_gKca4","PT8M18S","false","hd"
"1535","NXV4ABRnAbU","PT1H2M2S","false","hd"
"1536","wD8AwgO0AQI","PT22M28S","false","hd"
"1537","p2Kzj52gSGM","PT10M10S","false","hd"
"1538","-cOLF9k6FAw","PT19M16S","false","hd"
"1539","k3Zad39QXL4","PT9M16S","false","sd"
"1540","QIt8WuEQntY","PT48M23S","true","hd"
"1541","Cm1j1fpldkc","PT49M21S","false","hd"
"1542","KFi-6Zvcmqo","PT7M56S","false","hd"
"1543","HFFByXVDKf0","PT30M41S","false","hd"
"1544","9PuHjyny9lE","PT50M22S","false","hd"
"1545","6T7pUEZfgdI","PT2H28M53S","false","hd"
"1546","_T6fFQTrGN0","PT10M18S","true","hd"
"1547","sBzMANLQ9dQ","PT1H4M10S","false","sd"
"1548","e9yK1QndJSM","PT54M30S","false","hd"
"1549","3h1cJMli1lM","PT46M10S","true","hd"
"1550","-qD4_M16Tog","PT14M14S","true","hd"
"1551","8bf5TCYSVTQ","PT0S","false","sd"
"1552","B-67wfCaCbo","PT30M16S","false","hd"
"1553","4jxjdQ6QJ1w","PT23M16S","false","hd"
"1554","CAOmWs09FXU","PT16M1S","false","hd"
"1555","iMYHEhyf_Rs","PT49M38S","false","sd"
"1556","Yi2q0JaemsQ","PT8M29S","false","sd"
"1557","1O3ghiyirvU","PT44M33S","false","hd"
"1558","tnpaaVB4XyA","PT23M21S","true","hd"
"1559","DXdB3-bsSKc","PT12M31S","false","hd"
"1560","HlUWLCRZvLM","PT49M3S","false","hd"
"1561","OG__SwkV3wg","PT14M25S","false","hd"
"1562","6nhoGIvOKJU","PT10M35S","true","hd"
"1563","JZzjKLuAU6w","PT46M6S","false","hd"
"1564","TpfY8kh5lUw","PT27M47S","false","sd"
"1565","cOprnso9Tbs","PT2H44M56S","false","hd"
"1566","opDuw4OZ3QI","PT46M10S","false","hd"
"1567","g6iDZspbRMg","PT25M21S","false","hd"
"1568","CdpIyia3GXo","PT13M49S","false","hd"
"1569","aLU11AXWvXE","PT5M28S","false","hd"
