pubdate,views,dislikes,likes,duration,id,mult,title,nb_recommendations,depth,channel,key
2020-04-22,25,-1,-1,46,OXLpjLxh_Tw,0.17246376811594202,Fastest 5G in the world w/ the motorola edge+,2,6,Motorola US,1
,-1,-1,-1,-1,IWF2QUCftBc,0.08623188405797101,,1,5,,1a
,-1,-1,-1,-1,_CTUs_2hq6Y,0.08623188405797101,,1,5,,1b
,-1,-1,-1,-1,x4im3M9IFcI,0.08623188405797101,,1,5,,1c
2020-04-24,38,10,645,300,IZyS9YsXh1E,4.139130434782609,Pak Kodi 5G (2020) | Episod 3,48,1,TV3MALAYSIA Official,2
2020-04-25,16,8,309,301,CHe-nbxCEc0,4.052898550724638,Pak Kodi 5G (2020) | Episod 4,47,1,TV3MALAYSIA Official,2a
2020-04-24,38,10,645,300,IZyS9YsXh1E,4.139130434782609,Pak Kodi 5G (2020) | Episod 3,48,1,TV3MALAYSIA Official,2aa
2020-04-25,16,8,309,301,CHe-nbxCEc0,4.052898550724638,Pak Kodi 5G (2020) | Episod 4,47,1,TV3MALAYSIA Official,2aaa
2020-04-24,38,10,645,300,IZyS9YsXh1E,4.139130434782609,Pak Kodi 5G (2020) | Episod 3,48,1,TV3MALAYSIA Official,2aaaa
2020-04-25,16,8,309,301,CHe-nbxCEc0,4.052898550724638,Pak Kodi 5G (2020) | Episod 4,47,1,TV3MALAYSIA Official,2aaaaa
2020-04-17,38,10,690,300,AnPjOi8ekZ4,5.001449275362319,Pak Kodi 5G (2020) | Episod 1,58,1,TV3MALAYSIA Official,2aaaab
2020-04-25,46,19,942,301,HLImQOuSgKY,2.242028985507246,Pak Kodi 5G (2020) | Episod 4,26,1,TV9MALAYSIA Official,2aaaac
2020-04-17,38,10,690,300,AnPjOi8ekZ4,5.001449275362319,Pak Kodi 5G (2020) | Episod 1,58,1,TV3MALAYSIA Official,2aaab
2020-04-18,72,26,1091,300,j80ipPfm3iY,2.845652173913043,Pak Kodi 5G (2020) | Episod 2,33,1,TV3MALAYSIA Official,2aaaba
2018-08-28,219,92,1198,5249,iBNBCiyBfKc,3.018115942028986,Restu Ramadan | Telefilem,35,1,TV3MALAYSIA Official,2aaabb
2020-04-25,16,8,309,301,CHe-nbxCEc0,4.052898550724638,Pak Kodi 5G (2020) | Episod 4,47,1,TV3MALAYSIA Official,2aaabc
,-1,-1,-1,-1,F19DM-UADiA,2.069565217391304,,24,1,,2aaac
2020-04-17,38,10,690,300,AnPjOi8ekZ4,5.001449275362319,Pak Kodi 5G (2020) | Episod 1,58,1,TV3MALAYSIA Official,2aab
2020-04-18,72,26,1091,300,j80ipPfm3iY,2.845652173913043,Pak Kodi 5G (2020) | Episod 2,33,1,TV3MALAYSIA Official,2aaba
2020-04-24,38,10,645,300,IZyS9YsXh1E,4.139130434782609,Pak Kodi 5G (2020) | Episod 3,48,1,TV3MALAYSIA Official,2aabaa
,-1,-1,-1,-1,AYQ8hT8cVTE,1.379710144927536,,16,1,,2aabab
2017-05-08,903,1033,12,959,mSNFKM6S_fM,1.465942028985507,HIPERTENSIÓN ARTERIAL - ÚLTIMOS AVANCES EN DIAGNÓSTICO Y TRATAMIENTO,17,1,Dr. Ariel D. Sabio,2aabac
2018-08-28,219,92,1198,5249,iBNBCiyBfKc,3.018115942028986,Restu Ramadan | Telefilem,35,1,TV3MALAYSIA Official,2aabb
2020-04-23,149,121,1669,5281,YXTrWaoTWyU,2.069565217391304,Ramadan Ini Milik Siapa | Telefilem,24,1,Drama Sangat Official,2aabba
2019-05-03,59,42,533,5286,dte0wI_rxIw,2.242028985507246,Ramadan Terindah Nurani | Telefilem,26,1,Drama Sangat Official,2aabbb
2018-11-15,238,107,1126,5207,sf-7CfyCg-c,1.379710144927536,Syawal Mencari Cinta | Telefilem,16,1,tontonmy,2aabbc
2020-04-25,16,8,309,301,CHe-nbxCEc0,4.052898550724638,Pak Kodi 5G (2020) | Episod 4,47,1,TV3MALAYSIA Official,2aabc
2020-04-24,38,10,645,300,IZyS9YsXh1E,4.139130434782609,Pak Kodi 5G (2020) | Episod 3,48,1,TV3MALAYSIA Official,2aabca
2020-04-17,38,10,690,300,AnPjOi8ekZ4,5.001449275362319,Pak Kodi 5G (2020) | Episod 1,58,1,TV3MALAYSIA Official,2aabcb
,-1,-1,-1,-1,F19DM-UADiA,2.069565217391304,,24,1,,2aabcc
2020-04-25,46,19,942,301,HLImQOuSgKY,2.242028985507246,Pak Kodi 5G (2020) | Episod 4,26,1,TV9MALAYSIA Official,2aac
2020-04-17,38,10,690,300,AnPjOi8ekZ4,5.001449275362319,Pak Kodi 5G (2020) | Episod 1,58,1,TV3MALAYSIA Official,2aaca
2020-04-18,72,26,1091,300,j80ipPfm3iY,2.845652173913043,Pak Kodi 5G (2020) | Episod 2,33,1,TV3MALAYSIA Official,2aacaa
2018-08-28,219,92,1198,5249,iBNBCiyBfKc,3.018115942028986,Restu Ramadan | Telefilem,35,1,TV3MALAYSIA Official,2aacab
2020-04-25,16,8,309,301,CHe-nbxCEc0,4.052898550724638,Pak Kodi 5G (2020) | Episod 4,47,1,TV3MALAYSIA Official,2aacac
2020-04-24,50,16,881,300,yguQzqP38PI,1.207246376811594,Pak Kodi 5G (2020) | Episod 3,14,1,TV9MALAYSIA Official,2aacb
2020-04-25,46,19,942,301,HLImQOuSgKY,2.242028985507246,Pak Kodi 5G (2020) | Episod 4,26,1,TV9MALAYSIA Official,2aacba
2017-08-11,3,809,28,418,mPmcU8u8MEc,0.517391304347826,Daniel Negreanu Tilts Phil Hellmuth 3 Times in a Row (Poker High Stakes),6,1,FuryTV,2aacbb
2018-10-30,790,130,4324,57,OwaBVCtVglI,0.6036231884057971,"KELAKAR TAHAP DEWA! Haritu joey, kalini Ropie pulak buat izzue islam tak tahan gelak!",7,1,Izzue Islam,2aacbc
2020-04-17,135,40,2644,300,oLe5CQXWGZA,1.207246376811594,Pak Kodi 5G (2020) | Episod 1,14,1,TV9MALAYSIA Official,2aacc
2020-04-18,72,26,1091,300,j80ipPfm3iY,2.845652173913043,Pak Kodi 5G (2020) | Episod 2,33,1,TV3MALAYSIA Official,2aacca
2020-04-24,38,10,645,300,IZyS9YsXh1E,4.139130434782609,Pak Kodi 5G (2020) | Episod 3,48,1,TV3MALAYSIA Official,2aaccb
2019-12-08,379,174,2578,1352,P76TnrXU2Uo,0.517391304347826,J.K.K. (Musim 5) | Episod 10: Penapis Hati,6,1,TV3MALAYSIA Official,2aaccc
2020-04-17,38,10,690,300,AnPjOi8ekZ4,5.001449275362319,Pak Kodi 5G (2020) | Episod 1,58,1,TV3MALAYSIA Official,2ab
2020-04-18,72,26,1091,300,j80ipPfm3iY,2.845652173913043,Pak Kodi 5G (2020) | Episod 2,33,1,TV3MALAYSIA Official,2aba
2020-04-24,38,10,645,300,IZyS9YsXh1E,4.139130434782609,Pak Kodi 5G (2020) | Episod 3,48,1,TV3MALAYSIA Official,2abaa
2020-04-25,16,8,309,301,CHe-nbxCEc0,4.052898550724638,Pak Kodi 5G (2020) | Episod 4,47,1,TV3MALAYSIA Official,2abaaa
2020-04-17,38,10,690,300,AnPjOi8ekZ4,5.001449275362319,Pak Kodi 5G (2020) | Episod 1,58,1,TV3MALAYSIA Official,2abaab
2020-04-25,46,19,942,301,HLImQOuSgKY,2.242028985507246,Pak Kodi 5G (2020) | Episod 4,26,1,TV9MALAYSIA Official,2abaac
,-1,-1,-1,-1,AYQ8hT8cVTE,1.379710144927536,,16,1,,2abab
2017-05-08,903,1033,12,959,mSNFKM6S_fM,1.465942028985507,HIPERTENSIÓN ARTERIAL - ÚLTIMOS AVANCES EN DIAGNÓSTICO Y TRATAMIENTO,17,1,Dr. Ariel D. Sabio,2abac
2017-02-22,780,660,10,1683,DHw6Xg75kdM,0.517391304347826,Toma de Presión Arterial - Dr. Luis Conrado Federico Velásquez.,6,1,Universidad CES,2abaca
2019-05-27,46,56,1630,477,PHLHtSnvUxg,0.517391304347826,¿Cómo Revertir la Hipertensión Arterial (Presión Alta)?,6,1,Dr. William Flores,2abacb
,-1,-1,-1,-1,4nUaKQKIQEk,0.6036231884057971,,7,1,,2abacc
2018-08-28,219,92,1198,5249,iBNBCiyBfKc,3.018115942028986,Restu Ramadan | Telefilem,35,1,TV3MALAYSIA Official,2abb
2020-04-23,149,121,1669,5281,YXTrWaoTWyU,2.069565217391304,Ramadan Ini Milik Siapa | Telefilem,24,1,Drama Sangat Official,2abba
2019-05-03,59,42,533,5286,dte0wI_rxIw,2.242028985507246,Ramadan Terindah Nurani | Telefilem,26,1,Drama Sangat Official,2abbaa
2020-04-25,39,34,426,5322,xWBAQa6bWws,1.72463768115942,Pergilah Air Mata Ramadan | Telefilem,20,1,Drama Sangat Official,2abbab
2020-01-05,570,331,3777,5448,_y82MVEZoMI,1.72463768115942,Rindu Cinta Zulaikha | Telefilem 2020,20,1,Mass Tube Channel,2abbac
2019-05-03,59,42,533,5286,dte0wI_rxIw,2.242028985507246,Ramadan Terindah Nurani | Telefilem,26,1,Drama Sangat Official,2abbb
2020-04-25,39,34,426,5322,xWBAQa6bWws,1.72463768115942,Pergilah Air Mata Ramadan | Telefilem,20,1,Drama Sangat Official,2abbba
2019-02-22,426,229,2147,4924,8zQzUy68DUo,0.7760869565217391,Tollgate Asmara | Telefilem,9,1,Drama Sangat Official,2abbbb
2020-04-23,149,121,1669,5281,YXTrWaoTWyU,2.069565217391304,Ramadan Ini Milik Siapa | Telefilem,24,1,Drama Sangat Official,2abbbc
2018-11-15,238,107,1126,5207,sf-7CfyCg-c,1.379710144927536,Syawal Mencari Cinta | Telefilem,16,1,tontonmy,2abbc
2018-11-15,1,717,11,5333,deXcuqQ-vIg,0.6036231884057971,Cruise Cinta Lebaran | Telefilem,7,1,tontonmy,2abbca
2018-09-02,510,214,2571,5280,5jGiQ-gfgPU,0.517391304347826,Vivi Si Perigi | Telefilem,6,1,tontonmy,2abbcb
2019-03-16,676,293,4970,5281,_Ypv9QyYUJQ,0.517391304347826,14 Hari | Telefilem,6,1,TV3MALAYSIA Official,2abbcc
2020-04-25,16,8,309,301,CHe-nbxCEc0,4.052898550724638,Pak Kodi 5G (2020) | Episod 4,47,1,TV3MALAYSIA Official,2abc
2020-04-24,38,10,645,300,IZyS9YsXh1E,4.139130434782609,Pak Kodi 5G (2020) | Episod 3,48,1,TV3MALAYSIA Official,2abca
2020-04-25,16,8,309,301,CHe-nbxCEc0,4.052898550724638,Pak Kodi 5G (2020) | Episod 4,47,1,TV3MALAYSIA Official,2abcaa
2020-04-17,38,10,690,300,AnPjOi8ekZ4,5.001449275362319,Pak Kodi 5G (2020) | Episod 1,58,1,TV3MALAYSIA Official,2abcab
2020-04-25,46,19,942,301,HLImQOuSgKY,2.242028985507246,Pak Kodi 5G (2020) | Episod 4,26,1,TV9MALAYSIA Official,2abcac
2020-04-17,38,10,690,300,AnPjOi8ekZ4,5.001449275362319,Pak Kodi 5G (2020) | Episod 1,58,1,TV3MALAYSIA Official,2abcb
2020-04-18,72,26,1091,300,j80ipPfm3iY,2.845652173913043,Pak Kodi 5G (2020) | Episod 2,33,1,TV3MALAYSIA Official,2abcba
2018-08-28,219,92,1198,5249,iBNBCiyBfKc,3.018115942028986,Restu Ramadan | Telefilem,35,1,TV3MALAYSIA Official,2abcbb
2020-04-25,16,8,309,301,CHe-nbxCEc0,4.052898550724638,Pak Kodi 5G (2020) | Episod 4,47,1,TV3MALAYSIA Official,2abcbc
,-1,-1,-1,-1,F19DM-UADiA,2.069565217391304,,24,1,,2abcc
,-1,-1,-1,-1,F19DM-UADiA,2.069565217391304,,24,1,,2ac
2020-04-17,38,10,690,300,AnPjOi8ekZ4,5.001449275362319,Pak Kodi 5G (2020) | Episod 1,58,1,TV3MALAYSIA Official,2b
2020-04-18,72,26,1091,300,j80ipPfm3iY,2.845652173913043,Pak Kodi 5G (2020) | Episod 2,33,1,TV3MALAYSIA Official,2ba
2020-04-24,38,10,645,300,IZyS9YsXh1E,4.139130434782609,Pak Kodi 5G (2020) | Episod 3,48,1,TV3MALAYSIA Official,2baa
2020-04-25,16,8,309,301,CHe-nbxCEc0,4.052898550724638,Pak Kodi 5G (2020) | Episod 4,47,1,TV3MALAYSIA Official,2baaa
2020-04-24,38,10,645,300,IZyS9YsXh1E,4.139130434782609,Pak Kodi 5G (2020) | Episod 3,48,1,TV3MALAYSIA Official,2baaaa
2020-04-17,38,10,690,300,AnPjOi8ekZ4,5.001449275362319,Pak Kodi 5G (2020) | Episod 1,58,1,TV3MALAYSIA Official,2baaab
,-1,-1,-1,-1,F19DM-UADiA,2.069565217391304,,24,1,,2baaac
2020-04-17,38,10,690,300,AnPjOi8ekZ4,5.001449275362319,Pak Kodi 5G (2020) | Episod 1,58,1,TV3MALAYSIA Official,2baab
2020-04-18,72,26,1091,300,j80ipPfm3iY,2.845652173913043,Pak Kodi 5G (2020) | Episod 2,33,1,TV3MALAYSIA Official,2baaba
2018-08-28,219,92,1198,5249,iBNBCiyBfKc,3.018115942028986,Restu Ramadan | Telefilem,35,1,TV3MALAYSIA Official,2baabb
2020-04-25,16,8,309,301,CHe-nbxCEc0,4.052898550724638,Pak Kodi 5G (2020) | Episod 4,47,1,TV3MALAYSIA Official,2baabc
2020-04-25,46,19,942,301,HLImQOuSgKY,2.242028985507246,Pak Kodi 5G (2020) | Episod 4,26,1,TV9MALAYSIA Official,2baac
2020-04-17,38,10,690,300,AnPjOi8ekZ4,5.001449275362319,Pak Kodi 5G (2020) | Episod 1,58,1,TV3MALAYSIA Official,2baaca
2020-04-24,50,16,881,300,yguQzqP38PI,1.207246376811594,Pak Kodi 5G (2020) | Episod 3,14,1,TV9MALAYSIA Official,2baacb
2020-04-17,135,40,2644,300,oLe5CQXWGZA,1.207246376811594,Pak Kodi 5G (2020) | Episod 1,14,1,TV9MALAYSIA Official,2baacc
,-1,-1,-1,-1,AYQ8hT8cVTE,1.379710144927536,,16,1,,2bab
2017-05-08,903,1033,12,959,mSNFKM6S_fM,1.465942028985507,HIPERTENSIÓN ARTERIAL - ÚLTIMOS AVANCES EN DIAGNÓSTICO Y TRATAMIENTO,17,1,Dr. Ariel D. Sabio,2bac
2017-02-22,780,660,10,1683,DHw6Xg75kdM,0.517391304347826,Toma de Presión Arterial - Dr. Luis Conrado Federico Velásquez.,6,1,Universidad CES,2baca
,-1,-1,-1,-1,2VfLYaUx-mY,0.34492753623188405,,4,1,,2bacaa
,-1,-1,-1,-1,QTN5wOE3ufY,0.34492753623188405,,4,1,,2bacab
,-1,-1,-1,-1,J-JSmHCJDQE,0.34492753623188405,,4,1,,2bacac
2019-05-27,46,56,1630,477,PHLHtSnvUxg,0.517391304347826,¿Cómo Revertir la Hipertensión Arterial (Presión Alta)?,6,1,Dr. William Flores,2bacb
2018-10-05,14,11,290,1181,9Vaa7fbm5n4,0.34492753623188405,"HIPERTENSIÓN ARTERIAL, CONCEPTOS, MITOS Y REALIDADES.",4,1,Dr. Ariel D. Sabio,2bacba
,-1,-1,-1,-1,Tpaa2olh_74,0.34492753623188405,,4,1,,2bacbb
2011-06-17,256,115,1280,1815,KBSq7KJiwmA,0.34492753623188405,Signos de alarma en infarto agudo del miocardio,4,1,Clínica Medellín,2bacbc
,-1,-1,-1,-1,4nUaKQKIQEk,0.6036231884057971,,7,1,,2bacc
2018-08-28,219,92,1198,5249,iBNBCiyBfKc,3.018115942028986,Restu Ramadan | Telefilem,35,1,TV3MALAYSIA Official,2bb
2020-04-23,149,121,1669,5281,YXTrWaoTWyU,2.069565217391304,Ramadan Ini Milik Siapa | Telefilem,24,1,Drama Sangat Official,2bba
2019-05-03,59,42,533,5286,dte0wI_rxIw,2.242028985507246,Ramadan Terindah Nurani | Telefilem,26,1,Drama Sangat Official,2bbaa
2020-04-25,39,34,426,5322,xWBAQa6bWws,1.72463768115942,Pergilah Air Mata Ramadan | Telefilem,20,1,Drama Sangat Official,2bbaaa
2019-02-22,426,229,2147,4924,8zQzUy68DUo,0.7760869565217391,Tollgate Asmara | Telefilem,9,1,Drama Sangat Official,2bbaab
2020-04-23,149,121,1669,5281,YXTrWaoTWyU,2.069565217391304,Ramadan Ini Milik Siapa | Telefilem,24,1,Drama Sangat Official,2bbaac
2020-04-25,39,34,426,5322,xWBAQa6bWws,1.72463768115942,Pergilah Air Mata Ramadan | Telefilem,20,1,Drama Sangat Official,2bbab
2018-08-28,219,92,1198,5249,iBNBCiyBfKc,3.018115942028986,Restu Ramadan | Telefilem,35,1,TV3MALAYSIA Official,2bbaba
2020-04-26,35,22,475,5290,ZCdUpL8ON-c,0.6898550724637681,Ramadan Terindah | Telefilem,8,1,Drama Sangat Official,2bbabb
2018-10-04,501,220,2871,5159,aXG_i8mmfV8,0.6898550724637681,Bahulu Untuk Opah | Telefilem,8,1,TV3MALAYSIA Official,2bbabc
2020-01-05,570,331,3777,5448,_y82MVEZoMI,1.72463768115942,Rindu Cinta Zulaikha | Telefilem 2020,20,1,Mass Tube Channel,2bbac
2020-01-11,1,625,9917,5284,fWhZuzA7kJ8,0.6036231884057971,Dia Kembarku | Telefilem,7,1,TV3MALAYSIA Official,2bbaca
,-1,-1,-1,-1,VLzaSlBH0pA,0.6898550724637681,,8,1,,2bbacb
2018-08-29,-1,-1,-1,5280,EoixGUfkF_Q,0.6036231884057971,,7,1,,2bbacc
2019-05-03,59,42,533,5286,dte0wI_rxIw,2.242028985507246,Ramadan Terindah Nurani | Telefilem,26,1,Drama Sangat Official,2bbb
2020-04-25,39,34,426,5322,xWBAQa6bWws,1.72463768115942,Pergilah Air Mata Ramadan | Telefilem,20,1,Drama Sangat Official,2bbba
2018-08-28,219,92,1198,5249,iBNBCiyBfKc,3.018115942028986,Restu Ramadan | Telefilem,35,1,TV3MALAYSIA Official,2bbbaa
2020-04-26,35,22,475,5290,ZCdUpL8ON-c,0.6898550724637681,Ramadan Terindah | Telefilem,8,1,Drama Sangat Official,2bbbab
2018-10-04,501,220,2871,5159,aXG_i8mmfV8,0.6898550724637681,Bahulu Untuk Opah | Telefilem,8,1,TV3MALAYSIA Official,2bbbac
2019-02-22,426,229,2147,4924,8zQzUy68DUo,0.7760869565217391,Tollgate Asmara | Telefilem,9,1,Drama Sangat Official,2bbbb
2019-01-27,860,407,4750,5237,5xon1p-HVVk,0.34492753623188405,Husin Peninglah | Telefilem,4,1,TV3MALAYSIA Official,2bbbba
2019-12-07,247,175,2374,5281,iGo7HC3YLzg,0.6036231884057971,Mingki | Telefilem,7,1,TV3MALAYSIA Official,2bbbbb
2020-01-05,570,331,3777,5448,_y82MVEZoMI,1.72463768115942,Rindu Cinta Zulaikha | Telefilem 2020,20,1,Mass Tube Channel,2bbbbc
2020-04-23,149,121,1669,5281,YXTrWaoTWyU,2.069565217391304,Ramadan Ini Milik Siapa | Telefilem,24,1,Drama Sangat Official,2bbbc
2019-05-03,59,42,533,5286,dte0wI_rxIw,2.242028985507246,Ramadan Terindah Nurani | Telefilem,26,1,Drama Sangat Official,2bbbca
2020-04-25,39,34,426,5322,xWBAQa6bWws,1.72463768115942,Pergilah Air Mata Ramadan | Telefilem,20,1,Drama Sangat Official,2bbbcb
2020-01-05,570,331,3777,5448,_y82MVEZoMI,1.72463768115942,Rindu Cinta Zulaikha | Telefilem 2020,20,1,Mass Tube Channel,2bbbcc
2018-11-15,238,107,1126,5207,sf-7CfyCg-c,1.379710144927536,Syawal Mencari Cinta | Telefilem,16,1,tontonmy,2bbc
2018-11-15,1,717,11,5333,deXcuqQ-vIg,0.6036231884057971,Cruise Cinta Lebaran | Telefilem,7,1,tontonmy,2bbca
2019-04-26,944,473,6634,5280,kTW0vuoL8L8,0.258695652173913,Mentari | Telefilem,3,1,Drama Sangat Official,2bbcaa
2020-01-05,570,331,3777,5448,_y82MVEZoMI,1.72463768115942,Rindu Cinta Zulaikha | Telefilem 2020,20,1,Mass Tube Channel,2bbcab
2018-11-15,495,183,3265,5276,j5lpyR4Zwus,0.6898550724637681,Wish List Raya | Telefilem,8,1,tontonmy,2bbcac
2018-09-02,510,214,2571,5280,5jGiQ-gfgPU,0.517391304347826,Vivi Si Perigi | Telefilem,6,1,tontonmy,2bbcb
2018-11-16,437,167,2949,5280,9soaq9Q2ORk,0.258695652173913,Miss & Mrs | Telefilem,3,1,tontonmy,2bbcba
2017-05-05,343,186,1622,5213,qSnRDWs4iIo,0.258695652173913,Telemovie Anugerah Mimi,3,1,Nanaker Katakan,2bbcbb
2018-11-15,495,183,3265,5276,j5lpyR4Zwus,0.6898550724637681,Wish List Raya | Telefilem,8,1,tontonmy,2bbcbc
2019-03-16,676,293,4970,5281,_Ypv9QyYUJQ,0.517391304347826,14 Hari | Telefilem,6,1,TV3MALAYSIA Official,2bbcc
2019-02-02,501,237,3823,5166,3vZBkC3ENqk,0.258695652173913,Misi Penculik Cinta (2019) | Telefilem,3,1,TV3MALAYSIA Official,2bbcca
2019-08-19,928,460,6559,5271,J4EMTTlRqB4,0.258695652173913,Lamar | Telefilem,3,1,Drama Sangat Official,2bbccb
2020-01-05,570,331,3777,5448,_y82MVEZoMI,1.72463768115942,Rindu Cinta Zulaikha | Telefilem 2020,20,1,Mass Tube Channel,2bbccc
2020-04-25,16,8,309,301,CHe-nbxCEc0,4.052898550724638,Pak Kodi 5G (2020) | Episod 4,47,1,TV3MALAYSIA Official,2bc
2020-04-24,38,10,645,300,IZyS9YsXh1E,4.139130434782609,Pak Kodi 5G (2020) | Episod 3,48,1,TV3MALAYSIA Official,2bca
2020-04-25,16,8,309,301,CHe-nbxCEc0,4.052898550724638,Pak Kodi 5G (2020) | Episod 4,47,1,TV3MALAYSIA Official,2bcaa
2020-04-24,38,10,645,300,IZyS9YsXh1E,4.139130434782609,Pak Kodi 5G (2020) | Episod 3,48,1,TV3MALAYSIA Official,2bcaaa
2020-04-17,38,10,690,300,AnPjOi8ekZ4,5.001449275362319,Pak Kodi 5G (2020) | Episod 1,58,1,TV3MALAYSIA Official,2bcaab
,-1,-1,-1,-1,F19DM-UADiA,2.069565217391304,,24,1,,2bcaac
2020-04-17,38,10,690,300,AnPjOi8ekZ4,5.001449275362319,Pak Kodi 5G (2020) | Episod 1,58,1,TV3MALAYSIA Official,2bcab
2020-04-18,72,26,1091,300,j80ipPfm3iY,2.845652173913043,Pak Kodi 5G (2020) | Episod 2,33,1,TV3MALAYSIA Official,2bcaba
2018-08-28,219,92,1198,5249,iBNBCiyBfKc,3.018115942028986,Restu Ramadan | Telefilem,35,1,TV3MALAYSIA Official,2bcabb
2020-04-25,16,8,309,301,CHe-nbxCEc0,4.052898550724638,Pak Kodi 5G (2020) | Episod 4,47,1,TV3MALAYSIA Official,2bcabc
2020-04-25,46,19,942,301,HLImQOuSgKY,2.242028985507246,Pak Kodi 5G (2020) | Episod 4,26,1,TV9MALAYSIA Official,2bcac
2020-04-17,38,10,690,300,AnPjOi8ekZ4,5.001449275362319,Pak Kodi 5G (2020) | Episod 1,58,1,TV3MALAYSIA Official,2bcaca
2020-04-24,50,16,881,300,yguQzqP38PI,1.207246376811594,Pak Kodi 5G (2020) | Episod 3,14,1,TV9MALAYSIA Official,2bcacb
2020-04-17,135,40,2644,300,oLe5CQXWGZA,1.207246376811594,Pak Kodi 5G (2020) | Episod 1,14,1,TV9MALAYSIA Official,2bcacc
2020-04-17,38,10,690,300,AnPjOi8ekZ4,5.001449275362319,Pak Kodi 5G (2020) | Episod 1,58,1,TV3MALAYSIA Official,2bcb
2020-04-18,72,26,1091,300,j80ipPfm3iY,2.845652173913043,Pak Kodi 5G (2020) | Episod 2,33,1,TV3MALAYSIA Official,2bcba
2020-04-24,38,10,645,300,IZyS9YsXh1E,4.139130434782609,Pak Kodi 5G (2020) | Episod 3,48,1,TV3MALAYSIA Official,2bcbaa
,-1,-1,-1,-1,AYQ8hT8cVTE,1.379710144927536,,16,1,,2bcbab
2017-05-08,903,1033,12,959,mSNFKM6S_fM,1.465942028985507,HIPERTENSIÓN ARTERIAL - ÚLTIMOS AVANCES EN DIAGNÓSTICO Y TRATAMIENTO,17,1,Dr. Ariel D. Sabio,2bcbac
2018-08-28,219,92,1198,5249,iBNBCiyBfKc,3.018115942028986,Restu Ramadan | Telefilem,35,1,TV3MALAYSIA Official,2bcbb
2020-04-23,149,121,1669,5281,YXTrWaoTWyU,2.069565217391304,Ramadan Ini Milik Siapa | Telefilem,24,1,Drama Sangat Official,2bcbba
2019-05-03,59,42,533,5286,dte0wI_rxIw,2.242028985507246,Ramadan Terindah Nurani | Telefilem,26,1,Drama Sangat Official,2bcbbb
2018-11-15,238,107,1126,5207,sf-7CfyCg-c,1.379710144927536,Syawal Mencari Cinta | Telefilem,16,1,tontonmy,2bcbbc
2020-04-25,16,8,309,301,CHe-nbxCEc0,4.052898550724638,Pak Kodi 5G (2020) | Episod 4,47,1,TV3MALAYSIA Official,2bcbc
2020-04-24,38,10,645,300,IZyS9YsXh1E,4.139130434782609,Pak Kodi 5G (2020) | Episod 3,48,1,TV3MALAYSIA Official,2bcbca
2020-04-17,38,10,690,300,AnPjOi8ekZ4,5.001449275362319,Pak Kodi 5G (2020) | Episod 1,58,1,TV3MALAYSIA Official,2bcbcb
,-1,-1,-1,-1,F19DM-UADiA,2.069565217391304,,24,1,,2bcbcc
,-1,-1,-1,-1,F19DM-UADiA,2.069565217391304,,24,1,,2bcc
2020-04-25,46,19,942,301,HLImQOuSgKY,2.242028985507246,Pak Kodi 5G (2020) | Episod 4,26,1,TV9MALAYSIA Official,2c
2020-04-17,38,10,690,300,AnPjOi8ekZ4,5.001449275362319,Pak Kodi 5G (2020) | Episod 1,58,1,TV3MALAYSIA Official,2ca
2020-04-18,72,26,1091,300,j80ipPfm3iY,2.845652173913043,Pak Kodi 5G (2020) | Episod 2,33,1,TV3MALAYSIA Official,2caa
2020-04-24,38,10,645,300,IZyS9YsXh1E,4.139130434782609,Pak Kodi 5G (2020) | Episod 3,48,1,TV3MALAYSIA Official,2caaa
2020-04-25,16,8,309,301,CHe-nbxCEc0,4.052898550724638,Pak Kodi 5G (2020) | Episod 4,47,1,TV3MALAYSIA Official,2caaaa
2020-04-17,38,10,690,300,AnPjOi8ekZ4,5.001449275362319,Pak Kodi 5G (2020) | Episod 1,58,1,TV3MALAYSIA Official,2caaab
2020-04-25,46,19,942,301,HLImQOuSgKY,2.242028985507246,Pak Kodi 5G (2020) | Episod 4,26,1,TV9MALAYSIA Official,2caaac
,-1,-1,-1,-1,AYQ8hT8cVTE,1.379710144927536,,16,1,,2caab
2017-05-08,903,1033,12,959,mSNFKM6S_fM,1.465942028985507,HIPERTENSIÓN ARTERIAL - ÚLTIMOS AVANCES EN DIAGNÓSTICO Y TRATAMIENTO,17,1,Dr. Ariel D. Sabio,2caac
2017-02-22,780,660,10,1683,DHw6Xg75kdM,0.517391304347826,Toma de Presión Arterial - Dr. Luis Conrado Federico Velásquez.,6,1,Universidad CES,2caaca
2019-05-27,46,56,1630,477,PHLHtSnvUxg,0.517391304347826,¿Cómo Revertir la Hipertensión Arterial (Presión Alta)?,6,1,Dr. William Flores,2caacb
,-1,-1,-1,-1,4nUaKQKIQEk,0.6036231884057971,,7,1,,2caacc
2018-08-28,219,92,1198,5249,iBNBCiyBfKc,3.018115942028986,Restu Ramadan | Telefilem,35,1,TV3MALAYSIA Official,2cab
2020-04-23,149,121,1669,5281,YXTrWaoTWyU,2.069565217391304,Ramadan Ini Milik Siapa | Telefilem,24,1,Drama Sangat Official,2caba
2019-05-03,59,42,533,5286,dte0wI_rxIw,2.242028985507246,Ramadan Terindah Nurani | Telefilem,26,1,Drama Sangat Official,2cabaa
2020-04-25,39,34,426,5322,xWBAQa6bWws,1.72463768115942,Pergilah Air Mata Ramadan | Telefilem,20,1,Drama Sangat Official,2cabab
2020-01-05,570,331,3777,5448,_y82MVEZoMI,1.72463768115942,Rindu Cinta Zulaikha | Telefilem 2020,20,1,Mass Tube Channel,2cabac
2019-05-03,59,42,533,5286,dte0wI_rxIw,2.242028985507246,Ramadan Terindah Nurani | Telefilem,26,1,Drama Sangat Official,2cabb
2020-04-25,39,34,426,5322,xWBAQa6bWws,1.72463768115942,Pergilah Air Mata Ramadan | Telefilem,20,1,Drama Sangat Official,2cabba
2019-02-22,426,229,2147,4924,8zQzUy68DUo,0.7760869565217391,Tollgate Asmara | Telefilem,9,1,Drama Sangat Official,2cabbb
2020-04-23,149,121,1669,5281,YXTrWaoTWyU,2.069565217391304,Ramadan Ini Milik Siapa | Telefilem,24,1,Drama Sangat Official,2cabbc
2018-11-15,238,107,1126,5207,sf-7CfyCg-c,1.379710144927536,Syawal Mencari Cinta | Telefilem,16,1,tontonmy,2cabc
2018-11-15,1,717,11,5333,deXcuqQ-vIg,0.6036231884057971,Cruise Cinta Lebaran | Telefilem,7,1,tontonmy,2cabca
2018-09-02,510,214,2571,5280,5jGiQ-gfgPU,0.517391304347826,Vivi Si Perigi | Telefilem,6,1,tontonmy,2cabcb
2019-03-16,676,293,4970,5281,_Ypv9QyYUJQ,0.517391304347826,14 Hari | Telefilem,6,1,TV3MALAYSIA Official,2cabcc
2020-04-25,16,8,309,301,CHe-nbxCEc0,4.052898550724638,Pak Kodi 5G (2020) | Episod 4,47,1,TV3MALAYSIA Official,2cac
2020-04-24,38,10,645,300,IZyS9YsXh1E,4.139130434782609,Pak Kodi 5G (2020) | Episod 3,48,1,TV3MALAYSIA Official,2caca
2020-04-25,16,8,309,301,CHe-nbxCEc0,4.052898550724638,Pak Kodi 5G (2020) | Episod 4,47,1,TV3MALAYSIA Official,2cacaa
2020-04-17,38,10,690,300,AnPjOi8ekZ4,5.001449275362319,Pak Kodi 5G (2020) | Episod 1,58,1,TV3MALAYSIA Official,2cacab
2020-04-25,46,19,942,301,HLImQOuSgKY,2.242028985507246,Pak Kodi 5G (2020) | Episod 4,26,1,TV9MALAYSIA Official,2cacac
2020-04-17,38,10,690,300,AnPjOi8ekZ4,5.001449275362319,Pak Kodi 5G (2020) | Episod 1,58,1,TV3MALAYSIA Official,2cacb
2020-04-18,72,26,1091,300,j80ipPfm3iY,2.845652173913043,Pak Kodi 5G (2020) | Episod 2,33,1,TV3MALAYSIA Official,2cacba
2018-08-28,219,92,1198,5249,iBNBCiyBfKc,3.018115942028986,Restu Ramadan | Telefilem,35,1,TV3MALAYSIA Official,2cacbb
2020-04-25,16,8,309,301,CHe-nbxCEc0,4.052898550724638,Pak Kodi 5G (2020) | Episod 4,47,1,TV3MALAYSIA Official,2cacbc
,-1,-1,-1,-1,F19DM-UADiA,2.069565217391304,,24,1,,2cacc
2020-04-24,50,16,881,300,yguQzqP38PI,1.207246376811594,Pak Kodi 5G (2020) | Episod 3,14,1,TV9MALAYSIA Official,2cb
2020-04-25,46,19,942,301,HLImQOuSgKY,2.242028985507246,Pak Kodi 5G (2020) | Episod 4,26,1,TV9MALAYSIA Official,2cba
2020-04-17,38,10,690,300,AnPjOi8ekZ4,5.001449275362319,Pak Kodi 5G (2020) | Episod 1,58,1,TV3MALAYSIA Official,2cbaa
2020-04-18,72,26,1091,300,j80ipPfm3iY,2.845652173913043,Pak Kodi 5G (2020) | Episod 2,33,1,TV3MALAYSIA Official,2cbaaa
2018-08-28,219,92,1198,5249,iBNBCiyBfKc,3.018115942028986,Restu Ramadan | Telefilem,35,1,TV3MALAYSIA Official,2cbaab
2020-04-25,16,8,309,301,CHe-nbxCEc0,4.052898550724638,Pak Kodi 5G (2020) | Episod 4,47,1,TV3MALAYSIA Official,2cbaac
2020-04-24,50,16,881,300,yguQzqP38PI,1.207246376811594,Pak Kodi 5G (2020) | Episod 3,14,1,TV9MALAYSIA Official,2cbab
2020-04-25,46,19,942,301,HLImQOuSgKY,2.242028985507246,Pak Kodi 5G (2020) | Episod 4,26,1,TV9MALAYSIA Official,2cbaba
2017-08-11,3,809,28,418,mPmcU8u8MEc,0.517391304347826,Daniel Negreanu Tilts Phil Hellmuth 3 Times in a Row (Poker High Stakes),6,1,FuryTV,2cbabb
2018-10-30,790,130,4324,57,OwaBVCtVglI,0.6036231884057971,"KELAKAR TAHAP DEWA! Haritu joey, kalini Ropie pulak buat izzue islam tak tahan gelak!",7,1,Izzue Islam,2cbabc
2020-04-17,135,40,2644,300,oLe5CQXWGZA,1.207246376811594,Pak Kodi 5G (2020) | Episod 1,14,1,TV9MALAYSIA Official,2cbac
2020-04-18,72,26,1091,300,j80ipPfm3iY,2.845652173913043,Pak Kodi 5G (2020) | Episod 2,33,1,TV3MALAYSIA Official,2cbaca
2020-04-24,38,10,645,300,IZyS9YsXh1E,4.139130434782609,Pak Kodi 5G (2020) | Episod 3,48,1,TV3MALAYSIA Official,2cbacb
2019-12-08,379,174,2578,1352,P76TnrXU2Uo,0.517391304347826,J.K.K. (Musim 5) | Episod 10: Penapis Hati,6,1,TV3MALAYSIA Official,2cbacc
2017-08-11,3,809,28,418,mPmcU8u8MEc,0.517391304347826,Daniel Negreanu Tilts Phil Hellmuth 3 Times in a Row (Poker High Stakes),6,1,FuryTV,2cbb
2019-05-24,3,1046,39,1756,IfIVKDbKUBM,0.34492753623188405,DANIEL NEGREANU’S GREATEST MOMENTS,4,2,PokerStars,2cbba
2014-06-17,6,1313,29,1076,n84tqtgG7a8,0.08623188405797101,Top 5 Poker Moments - Daniel Negreanu | PokerStars,1,1,PokerStars,2cbbaa
,-1,-1,-1,-1,1VBKhAMSvNg,0.34492753623188405,,4,1,,2cbbab
2020-03-19,429,179,1979,901,HiC5KjRMUl0,0.08623188405797101,When you flop QUADS - and GET ACTION!,1,1,PokerXpress,2cbbac
2017-10-13,934,264,2953,754,xYwaPI4Rz9M,0.258695652173913,Hellmuth just can't beat this guy! 5 poker hands of torture.,3,2,1tripz1 Poker Hands,2cbbb
2014-06-17,2,724,6287,1255,Hsy51oxyr00,0.08623188405797101,Top 5 Poker Moments - Phil Hellmuth vs. Dani Stern | PokerStars,1,1,PokerStars,2cbbba
2018-09-01,2,1993,8098,1167,8SpGPb5YXj8,0.17246376811594202,TOP 5 BIGGEST POKER POTS IN TELEVISED HISTORY!,2,1,FuryTV,2cbbbb
2020-03-15,323,148,1598,2932,swz4_B8n2Gc,0.17246376811594202,Phil Ivey 's ROAD TO VICTORY!  - 2020 MILLIONS Sochi SHR $50k SD Event #7,2,1,PokerXpress,2cbbbc
,-1,-1,-1,-1,1VBKhAMSvNg,0.34492753623188405,,4,1,,2cbbc
2018-10-30,790,130,4324,57,OwaBVCtVglI,0.6036231884057971,"KELAKAR TAHAP DEWA! Haritu joey, kalini Ropie pulak buat izzue islam tak tahan gelak!",7,1,Izzue Islam,2cbc
,-1,-1,-1,-1,38TvdRldbUs,0.258695652173913,,3,2,,2cbca
,-1,-1,-1,-1,HrdXtpbM6ZI,0.258695652173913,,3,2,,2cbcb
2018-05-29,293,85,2359,167,uuitBoh6B3c,0.258695652173913,"Salah kawasan, nak buka puasa pandang kiri kanan dulu | Oh My Ramadan I Bell Ngasri",3,2,MeleTOP,2cbcc
2018-05-28,134,27,1501,130,_Hjx8VM-mJY,0.08623188405797101,"Rukun Islam | Oh My Ramadan I Bell Ngasri, Atu Zero, Melati Zero",1,1,MeleTOP,2cbcca
2018-09-16,223,72,1681,1305,yMKCpOWKXeM,0.08623188405797101,Di Balik Tawa Musim Ke-2 Bersama Bell Ngasri,1,1,Jaf Channel,2cbccb
2019-05-10,1,562,23,564,kkNnTPVjhiU,0.08623188405797101,Ragam-Ragam Berbuka Puasa | Sterk Production,1,1,Sterk Production,2cbccc
2020-04-17,135,40,2644,300,oLe5CQXWGZA,1.207246376811594,Pak Kodi 5G (2020) | Episod 1,14,1,TV9MALAYSIA Official,2cc
2020-04-18,72,26,1091,300,j80ipPfm3iY,2.845652173913043,Pak Kodi 5G (2020) | Episod 2,33,1,TV3MALAYSIA Official,2cca
2020-04-24,38,10,645,300,IZyS9YsXh1E,4.139130434782609,Pak Kodi 5G (2020) | Episod 3,48,1,TV3MALAYSIA Official,2ccaa
2020-04-25,16,8,309,301,CHe-nbxCEc0,4.052898550724638,Pak Kodi 5G (2020) | Episod 4,47,1,TV3MALAYSIA Official,2ccaaa
2020-04-17,38,10,690,300,AnPjOi8ekZ4,5.001449275362319,Pak Kodi 5G (2020) | Episod 1,58,1,TV3MALAYSIA Official,2ccaab
2020-04-25,46,19,942,301,HLImQOuSgKY,2.242028985507246,Pak Kodi 5G (2020) | Episod 4,26,1,TV9MALAYSIA Official,2ccaac
,-1,-1,-1,-1,AYQ8hT8cVTE,1.379710144927536,,16,1,,2ccab
2017-05-08,903,1033,12,959,mSNFKM6S_fM,1.465942028985507,HIPERTENSIÓN ARTERIAL - ÚLTIMOS AVANCES EN DIAGNÓSTICO Y TRATAMIENTO,17,1,Dr. Ariel D. Sabio,2ccac
2017-02-22,780,660,10,1683,DHw6Xg75kdM,0.517391304347826,Toma de Presión Arterial - Dr. Luis Conrado Federico Velásquez.,6,1,Universidad CES,2ccaca
2019-05-27,46,56,1630,477,PHLHtSnvUxg,0.517391304347826,¿Cómo Revertir la Hipertensión Arterial (Presión Alta)?,6,1,Dr. William Flores,2ccacb
,-1,-1,-1,-1,4nUaKQKIQEk,0.6036231884057971,,7,1,,2ccacc
2020-04-24,38,10,645,300,IZyS9YsXh1E,4.139130434782609,Pak Kodi 5G (2020) | Episod 3,48,1,TV3MALAYSIA Official,2ccb
2020-04-25,16,8,309,301,CHe-nbxCEc0,4.052898550724638,Pak Kodi 5G (2020) | Episod 4,47,1,TV3MALAYSIA Official,2ccba
2020-04-24,38,10,645,300,IZyS9YsXh1E,4.139130434782609,Pak Kodi 5G (2020) | Episod 3,48,1,TV3MALAYSIA Official,2ccbaa
2020-04-17,38,10,690,300,AnPjOi8ekZ4,5.001449275362319,Pak Kodi 5G (2020) | Episod 1,58,1,TV3MALAYSIA Official,2ccbab
,-1,-1,-1,-1,F19DM-UADiA,2.069565217391304,,24,1,,2ccbac
2020-04-17,38,10,690,300,AnPjOi8ekZ4,5.001449275362319,Pak Kodi 5G (2020) | Episod 1,58,1,TV3MALAYSIA Official,2ccbb
2020-04-18,72,26,1091,300,j80ipPfm3iY,2.845652173913043,Pak Kodi 5G (2020) | Episod 2,33,1,TV3MALAYSIA Official,2ccbba
2018-08-28,219,92,1198,5249,iBNBCiyBfKc,3.018115942028986,Restu Ramadan | Telefilem,35,1,TV3MALAYSIA Official,2ccbbb
2020-04-25,16,8,309,301,CHe-nbxCEc0,4.052898550724638,Pak Kodi 5G (2020) | Episod 4,47,1,TV3MALAYSIA Official,2ccbbc
2020-04-25,46,19,942,301,HLImQOuSgKY,2.242028985507246,Pak Kodi 5G (2020) | Episod 4,26,1,TV9MALAYSIA Official,2ccbc
2020-04-17,38,10,690,300,AnPjOi8ekZ4,5.001449275362319,Pak Kodi 5G (2020) | Episod 1,58,1,TV3MALAYSIA Official,2ccbca
2020-04-24,50,16,881,300,yguQzqP38PI,1.207246376811594,Pak Kodi 5G (2020) | Episod 3,14,1,TV9MALAYSIA Official,2ccbcb
2020-04-17,135,40,2644,300,oLe5CQXWGZA,1.207246376811594,Pak Kodi 5G (2020) | Episod 1,14,1,TV9MALAYSIA Official,2ccbcc
2019-12-08,379,174,2578,1352,P76TnrXU2Uo,0.517391304347826,J.K.K. (Musim 5) | Episod 10: Penapis Hati,6,1,TV3MALAYSIA Official,2ccc
2019-12-15,156,65,1045,1350,HVTjbOCjdjU,0.258695652173913,J.K.K (Musim 5) | Episod 11: Along,3,2,TV3MALAYSIA Official,2ccca
2019-12-22,267,113,2237,1403,yg9MbRwlefA,0.08623188405797101,J.K.K. (Musim 5) | Episod 12: Pakej Umrah,1,1,TV3MALAYSIA Official,2cccaa
2018-06-26,1,561,6497,1411,tagcSqDbkf8,0.17246376811594202,J.K.K (Musim 2) | Episod 10,2,1,TV3MALAYSIA Official,2cccab
2019-06-07,904,455,5712,2680,khRb6G6c2tM,0.17246376811594202,J.K.K Raya (2019),2,1,TV3MALAYSIA Official,2cccac
2017-11-03,4,1425,14,3636,r8m8eED0bGg,0.258695652173913,Sepahtu Reunion Live 2017 minggu 1,3,2,Astro Gempak,2cccb
2017-11-10,4,1291,11,4191,S2a318m9R-c,0.08623188405797101,Sepahtu Reunion Live 2017 minggu 2,1,1,Astro Gempak,2cccba
2018-06-26,1,565,6587,1348,0O1K7YfravA,0.258695652173913,J.K.K (Musim 2) | Episod 9,3,1,TV3MALAYSIA Official,2cccbb
2020-03-29,1,679,12,821,_2tAow-5L90,0.08623188405797101,Kompilasi Pickup Line Sepahtu Reunion Live 2019 Episod 1 - 15 (Part 1),1,1,Lolipop Comedy,2cccbc
2019-12-07,247,175,2374,5281,iGo7HC3YLzg,0.6036231884057971,Mingki | Telefilem,7,1,TV3MALAYSIA Official,2cccc
2019-11-30,309,169,2110,5281,BGBGF0VKc3I,0.34492753623188405,Malam Tanpa Yasin | Telefilem,4,1,Drama Sangat Official,2cccca
2019-12-08,237,211,1621,4800,VLIS7LP-TbY,0.17246376811594202,Derhaka Seorang Anak | Telefilem,2,1,Drama Sangat Official,2ccccb
2019-06-06,436,277,4178,5281,FiqyRanYsQw,0.17246376811594202,Samad Tedung (2019) | Telefilem,2,1,TV3MALAYSIA Official,2ccccc
2020-04-26,1458,17,49,442,RoWOaEdCJ7I,0.17246376811594202,How Can People Think 5G Causes Coronavirus?,2,6,TWiT Tech Podcast Network,3
2020-04-24,966,14,33,1207,Rtw1URW7rX0,0.08623188405797101,Buying Books Without Amazon,1,5,TWiT Tech Podcast Network,3a
2020-04-21,2916,21,90,1345,AbnNXzl8O5U,0.7760869565217391,iPhone SE Beats Android Phones in Every Way Except the Camera,9,1,TWiT Tech Podcast Network,3aa
,-1,-1,-1,-1,ERE13VTnBzc,0.34492753623188405,,4,1,,3aaa
2020-03-31,-1,56,589,0,txpxZDOp42o,4.828985507246377,TWiT Live,56,1,TWiT Tech Podcast Network,3aab
2020-04-19,9088,5,272,7637,iDzjbL5jTj8,5.95,Fifteen Years Later - This Week in Tech 767,69,1,This Week in Tech,3aaba
2020-04-12,8146,13,130,9883,sz6NpsCc2-o,6.208695652173914,"Zoom, But Use Protection - This Week in Tech 766",72,1,This Week in Tech,3aabaa
2020-04-06,8254,6,107,9902,XWPvmlvYw-E,6.898550724637682,Holds Each Cheek Separately - This Week in Tech 765,80,1,This Week in Tech,3aabab
2020-03-23,6389,3,115,8777,2uE6GM0A8b4,6.208695652173914,Ghost Finger - This Week in Tech 763,72,1,This Week in Tech,3aabac
,-1,-1,-1,-1,-TW0cyZ8RHs,2.845652173913043,,33,1,,3aabb
2020-04-04,6490,6,236,596,ccJ6sPJWmHs,3.104347826086957,Zoom Video Conferencing Security,36,1,TWiT Tech Podcast Network,3aabc
2020-04-21,1628,5,65,1035,Z3l-eQ5LSLo,1.465942028985507,Zoom's Security Fix Team,17,1,TWiT Tech Podcast Network,3aabca
2020-03-31,-1,56,589,0,txpxZDOp42o,4.828985507246377,TWiT Live,56,1,TWiT Tech Podcast Network,3aabcb
2020-04-07,10,16,254,1397,hu2-TS_9mxE,1.465942028985507,Zoom is a Security Nightmare,17,1,TWiT Tech Podcast Network,3aabcc
2020-04-26,855,1,37,10716,PeoWMRVHuQk,2.414492753623188,Steer Into the Skid - This Week in Tech 768,28,1,This Week in Tech,3aac
2020-04-19,9088,5,272,7637,iDzjbL5jTj8,5.95,Fifteen Years Later - This Week in Tech 767,69,1,This Week in Tech,3aaca
2020-04-12,8146,13,130,9883,sz6NpsCc2-o,6.208695652173914,"Zoom, But Use Protection - This Week in Tech 766",72,1,This Week in Tech,3aacaa
2020-04-06,8254,6,107,9902,XWPvmlvYw-E,6.898550724637682,Holds Each Cheek Separately - This Week in Tech 765,80,1,This Week in Tech,3aacab
2020-03-23,6389,3,115,8777,2uE6GM0A8b4,6.208695652173914,Ghost Finger - This Week in Tech 763,72,1,This Week in Tech,3aacac
2020-04-12,8146,13,130,9883,sz6NpsCc2-o,6.208695652173914,"Zoom, But Use Protection - This Week in Tech 766",72,1,This Week in Tech,3aacb
2020-04-19,9088,5,272,7637,iDzjbL5jTj8,5.95,Fifteen Years Later - This Week in Tech 767,69,1,This Week in Tech,3aacba
2020-04-06,8254,6,107,9902,XWPvmlvYw-E,6.898550724637682,Holds Each Cheek Separately - This Week in Tech 765,80,1,This Week in Tech,3aacbb
2020-04-26,855,1,37,10716,PeoWMRVHuQk,2.414492753623188,Steer Into the Skid - This Week in Tech 768,28,1,This Week in Tech,3aacbc
2020-04-06,8254,6,107,9902,XWPvmlvYw-E,6.898550724637682,Holds Each Cheek Separately - This Week in Tech 765,80,1,This Week in Tech,3aacc
2020-04-12,8146,13,130,9883,sz6NpsCc2-o,6.208695652173914,"Zoom, But Use Protection - This Week in Tech 766",72,1,This Week in Tech,3aacca
2020-03-31,6537,7,125,6903,HFbkzd6lGHc,2.759420289855072,Drunk With Conviction - MacBreak Weekly 707,32,1,MacBreak Weekly,3aaccb
2020-03-23,6389,3,115,8777,2uE6GM0A8b4,6.208695652173914,Ghost Finger - This Week in Tech 763,72,1,This Week in Tech,3aaccc
2020-03-31,-1,56,589,0,txpxZDOp42o,4.828985507246377,TWiT Live,56,1,TWiT Tech Podcast Network,3ab
2020-04-19,9088,5,272,7637,iDzjbL5jTj8,5.95,Fifteen Years Later - This Week in Tech 767,69,1,This Week in Tech,3aba
2020-04-12,8146,13,130,9883,sz6NpsCc2-o,6.208695652173914,"Zoom, But Use Protection - This Week in Tech 766",72,1,This Week in Tech,3abaa
2020-04-19,9088,5,272,7637,iDzjbL5jTj8,5.95,Fifteen Years Later - This Week in Tech 767,69,1,This Week in Tech,3abaaa
2020-04-06,8254,6,107,9902,XWPvmlvYw-E,6.898550724637682,Holds Each Cheek Separately - This Week in Tech 765,80,1,This Week in Tech,3abaab
2020-04-26,855,1,37,10716,PeoWMRVHuQk,2.414492753623188,Steer Into the Skid - This Week in Tech 768,28,1,This Week in Tech,3abaac
2020-04-06,8254,6,107,9902,XWPvmlvYw-E,6.898550724637682,Holds Each Cheek Separately - This Week in Tech 765,80,1,This Week in Tech,3abab
2020-04-12,8146,13,130,9883,sz6NpsCc2-o,6.208695652173914,"Zoom, But Use Protection - This Week in Tech 766",72,1,This Week in Tech,3ababa
2020-03-31,6537,7,125,6903,HFbkzd6lGHc,2.759420289855072,Drunk With Conviction - MacBreak Weekly 707,32,1,MacBreak Weekly,3ababb
2020-03-23,6389,3,115,8777,2uE6GM0A8b4,6.208695652173914,Ghost Finger - This Week in Tech 763,72,1,This Week in Tech,3ababc
2020-03-23,6389,3,115,8777,2uE6GM0A8b4,6.208695652173914,Ghost Finger - This Week in Tech 763,72,1,This Week in Tech,3abac
2020-03-15,7546,7,141,8406,lmh7Kao-kzs,2.759420289855072,Synthetic Chris Evans - This Week in Tech 762,32,1,This Week in Tech,3abaca
2020-03-29,6203,18,98,8226,nzcLiG4S2So,3.104347826086957,Tech Support in Tights - This Week in Tech 764,36,1,This Week in Tech,3abacb
2020-02-16,6444,9,97,9052,e-DH376r13c,2.069565217391304,Facemasks and Fear - This Week in Tech 758,24,1,This Week in Tech,3abacc
,-1,-1,-1,-1,-TW0cyZ8RHs,2.845652173913043,,33,1,,3abb
2020-04-04,6490,6,236,596,ccJ6sPJWmHs,3.104347826086957,Zoom Video Conferencing Security,36,1,TWiT Tech Podcast Network,3abc
2020-04-21,1628,5,65,1035,Z3l-eQ5LSLo,1.465942028985507,Zoom's Security Fix Team,17,1,TWiT Tech Podcast Network,3abca
2020-04-04,6490,6,236,596,ccJ6sPJWmHs,3.104347826086957,Zoom Video Conferencing Security,36,1,TWiT Tech Podcast Network,3abcaa
2020-03-31,-1,56,589,0,txpxZDOp42o,4.828985507246377,TWiT Live,56,1,TWiT Tech Podcast Network,3abcab
2020-04-21,2916,21,90,1345,AbnNXzl8O5U,0.7760869565217391,iPhone SE Beats Android Phones in Every Way Except the Camera,9,1,TWiT Tech Podcast Network,3abcac
2020-03-31,-1,56,589,0,txpxZDOp42o,4.828985507246377,TWiT Live,56,1,TWiT Tech Podcast Network,3abcb
2020-04-19,9088,5,272,7637,iDzjbL5jTj8,5.95,Fifteen Years Later - This Week in Tech 767,69,1,This Week in Tech,3abcba
,-1,-1,-1,-1,-TW0cyZ8RHs,2.845652173913043,,33,1,,3abcbb
2020-04-04,6490,6,236,596,ccJ6sPJWmHs,3.104347826086957,Zoom Video Conferencing Security,36,1,TWiT Tech Podcast Network,3abcbc
2020-04-07,10,16,254,1397,hu2-TS_9mxE,1.465942028985507,Zoom is a Security Nightmare,17,1,TWiT Tech Podcast Network,3abcc
2020-04-07,5716,6,112,6438,I04PvSs3bik,1.379710144927536,Another Brick in My Backpack - MacBreak Weekly 708,16,1,MacBreak Weekly,3abcca
2020-03-31,-1,56,589,0,txpxZDOp42o,4.828985507246377,TWiT Live,56,1,TWiT Tech Podcast Network,3abccb
2020-04-12,8146,13,130,9883,sz6NpsCc2-o,6.208695652173914,"Zoom, But Use Protection - This Week in Tech 766",72,1,This Week in Tech,3abccc
2020-04-19,9088,5,272,7637,iDzjbL5jTj8,5.95,Fifteen Years Later - This Week in Tech 767,69,1,This Week in Tech,3ac
2020-04-12,8146,13,130,9883,sz6NpsCc2-o,6.208695652173914,"Zoom, But Use Protection - This Week in Tech 766",72,1,This Week in Tech,3aca
2020-04-19,9088,5,272,7637,iDzjbL5jTj8,5.95,Fifteen Years Later - This Week in Tech 767,69,1,This Week in Tech,3acaa
2020-04-12,8146,13,130,9883,sz6NpsCc2-o,6.208695652173914,"Zoom, But Use Protection - This Week in Tech 766",72,1,This Week in Tech,3acaaa
2020-04-06,8254,6,107,9902,XWPvmlvYw-E,6.898550724637682,Holds Each Cheek Separately - This Week in Tech 765,80,1,This Week in Tech,3acaab
2020-03-23,6389,3,115,8777,2uE6GM0A8b4,6.208695652173914,Ghost Finger - This Week in Tech 763,72,1,This Week in Tech,3acaac
2020-04-06,8254,6,107,9902,XWPvmlvYw-E,6.898550724637682,Holds Each Cheek Separately - This Week in Tech 765,80,1,This Week in Tech,3acab
2020-04-12,8146,13,130,9883,sz6NpsCc2-o,6.208695652173914,"Zoom, But Use Protection - This Week in Tech 766",72,1,This Week in Tech,3acaba
2020-03-31,6537,7,125,6903,HFbkzd6lGHc,2.759420289855072,Drunk With Conviction - MacBreak Weekly 707,32,1,MacBreak Weekly,3acabb
2020-03-23,6389,3,115,8777,2uE6GM0A8b4,6.208695652173914,Ghost Finger - This Week in Tech 763,72,1,This Week in Tech,3acabc
2020-04-26,855,1,37,10716,PeoWMRVHuQk,2.414492753623188,Steer Into the Skid - This Week in Tech 768,28,1,This Week in Tech,3acac
2020-04-19,9088,5,272,7637,iDzjbL5jTj8,5.95,Fifteen Years Later - This Week in Tech 767,69,1,This Week in Tech,3acaca
2020-04-12,8146,13,130,9883,sz6NpsCc2-o,6.208695652173914,"Zoom, But Use Protection - This Week in Tech 766",72,1,This Week in Tech,3acacb
2020-04-06,8254,6,107,9902,XWPvmlvYw-E,6.898550724637682,Holds Each Cheek Separately - This Week in Tech 765,80,1,This Week in Tech,3acacc
2020-04-06,8254,6,107,9902,XWPvmlvYw-E,6.898550724637682,Holds Each Cheek Separately - This Week in Tech 765,80,1,This Week in Tech,3acb
2020-04-12,8146,13,130,9883,sz6NpsCc2-o,6.208695652173914,"Zoom, But Use Protection - This Week in Tech 766",72,1,This Week in Tech,3acba
2020-04-19,9088,5,272,7637,iDzjbL5jTj8,5.95,Fifteen Years Later - This Week in Tech 767,69,1,This Week in Tech,3acbaa
2020-04-06,8254,6,107,9902,XWPvmlvYw-E,6.898550724637682,Holds Each Cheek Separately - This Week in Tech 765,80,1,This Week in Tech,3acbab
2020-04-26,855,1,37,10716,PeoWMRVHuQk,2.414492753623188,Steer Into the Skid - This Week in Tech 768,28,1,This Week in Tech,3acbac
2020-03-31,6537,7,125,6903,HFbkzd6lGHc,2.759420289855072,Drunk With Conviction - MacBreak Weekly 707,32,1,MacBreak Weekly,3acbb
2020-04-06,8254,6,107,9902,XWPvmlvYw-E,6.898550724637682,Holds Each Cheek Separately - This Week in Tech 765,80,1,This Week in Tech,3acbba
2020-04-10,2567,6,71,3969,pbOoedDMmTM,0.9485507246376811,"4th TWiT AMA With Jason, Andy, & Jeff",11,1,TWiT Tech Podcast Network,3acbbb
2020-04-07,5716,6,112,6438,I04PvSs3bik,1.379710144927536,Another Brick in My Backpack - MacBreak Weekly 708,16,1,MacBreak Weekly,3acbbc
2020-03-23,6389,3,115,8777,2uE6GM0A8b4,6.208695652173914,Ghost Finger - This Week in Tech 763,72,1,This Week in Tech,3acbc
2020-03-15,7546,7,141,8406,lmh7Kao-kzs,2.759420289855072,Synthetic Chris Evans - This Week in Tech 762,32,1,This Week in Tech,3acbca
2020-03-29,6203,18,98,8226,nzcLiG4S2So,3.104347826086957,Tech Support in Tights - This Week in Tech 764,36,1,This Week in Tech,3acbcb
2020-02-16,6444,9,97,9052,e-DH376r13c,2.069565217391304,Facemasks and Fear - This Week in Tech 758,24,1,This Week in Tech,3acbcc
2020-03-23,6389,3,115,8777,2uE6GM0A8b4,6.208695652173914,Ghost Finger - This Week in Tech 763,72,1,This Week in Tech,3acc
2020-03-15,7546,7,141,8406,lmh7Kao-kzs,2.759420289855072,Synthetic Chris Evans - This Week in Tech 762,32,1,This Week in Tech,3acca
2020-03-23,6389,3,115,8777,2uE6GM0A8b4,6.208695652173914,Ghost Finger - This Week in Tech 763,72,1,This Week in Tech,3accaa
2020-03-29,6203,18,98,8226,nzcLiG4S2So,3.104347826086957,Tech Support in Tights - This Week in Tech 764,36,1,This Week in Tech,3accab
2020-03-10,4165,6,69,7604,GDqTTaUciqo,0.6898550724637681,Bagel Philanthropy - MacBreak Weekly 704,8,1,MacBreak Weekly,3accac
2020-03-29,6203,18,98,8226,nzcLiG4S2So,3.104347826086957,Tech Support in Tights - This Week in Tech 764,36,1,This Week in Tech,3accb
2020-03-23,6389,3,115,8777,2uE6GM0A8b4,6.208695652173914,Ghost Finger - This Week in Tech 763,72,1,This Week in Tech,3accba
2020-04-06,8254,6,107,9902,XWPvmlvYw-E,6.898550724637682,Holds Each Cheek Separately - This Week in Tech 765,80,1,This Week in Tech,3accbb
2020-03-15,7546,7,141,8406,lmh7Kao-kzs,2.759420289855072,Synthetic Chris Evans - This Week in Tech 762,32,1,This Week in Tech,3accbc
2020-02-16,6444,9,97,9052,e-DH376r13c,2.069565217391304,Facemasks and Fear - This Week in Tech 758,24,1,This Week in Tech,3accc
2020-02-23,5934,11,107,7191,fl37r_kUVA8,0.517391304347826,Never Gonna Give You Up - This Week in Tech 759,6,1,This Week in Tech,3accca
2020-03-29,6203,18,98,8226,nzcLiG4S2So,3.104347826086957,Tech Support in Tights - This Week in Tech 764,36,1,This Week in Tech,3acccb
2020-02-16,3053,3,64,7843,eM66BGiI-SA,0.517391304347826,Leo Laporte - The Tech Guy: 1670,6,1,The Tech Guy,3acccc
2020-03-31,-1,56,589,0,txpxZDOp42o,4.828985507246377,TWiT Live,56,1,TWiT Tech Podcast Network,3b
2020-04-19,9088,5,272,7637,iDzjbL5jTj8,5.95,Fifteen Years Later - This Week in Tech 767,69,1,This Week in Tech,3ba
2020-04-12,8146,13,130,9883,sz6NpsCc2-o,6.208695652173914,"Zoom, But Use Protection - This Week in Tech 766",72,1,This Week in Tech,3baa
2020-04-19,9088,5,272,7637,iDzjbL5jTj8,5.95,Fifteen Years Later - This Week in Tech 767,69,1,This Week in Tech,3baaa
2020-04-12,8146,13,130,9883,sz6NpsCc2-o,6.208695652173914,"Zoom, But Use Protection - This Week in Tech 766",72,1,This Week in Tech,3baaaa
2020-04-06,8254,6,107,9902,XWPvmlvYw-E,6.898550724637682,Holds Each Cheek Separately - This Week in Tech 765,80,1,This Week in Tech,3baaab
2020-03-23,6389,3,115,8777,2uE6GM0A8b4,6.208695652173914,Ghost Finger - This Week in Tech 763,72,1,This Week in Tech,3baaac
2020-04-06,8254,6,107,9902,XWPvmlvYw-E,6.898550724637682,Holds Each Cheek Separately - This Week in Tech 765,80,1,This Week in Tech,3baab
2020-04-12,8146,13,130,9883,sz6NpsCc2-o,6.208695652173914,"Zoom, But Use Protection - This Week in Tech 766",72,1,This Week in Tech,3baaba
2020-03-31,6537,7,125,6903,HFbkzd6lGHc,2.759420289855072,Drunk With Conviction - MacBreak Weekly 707,32,1,MacBreak Weekly,3baabb
2020-03-23,6389,3,115,8777,2uE6GM0A8b4,6.208695652173914,Ghost Finger - This Week in Tech 763,72,1,This Week in Tech,3baabc
2020-04-26,855,1,37,10716,PeoWMRVHuQk,2.414492753623188,Steer Into the Skid - This Week in Tech 768,28,1,This Week in Tech,3baac
2020-04-19,9088,5,272,7637,iDzjbL5jTj8,5.95,Fifteen Years Later - This Week in Tech 767,69,1,This Week in Tech,3baaca
2020-04-12,8146,13,130,9883,sz6NpsCc2-o,6.208695652173914,"Zoom, But Use Protection - This Week in Tech 766",72,1,This Week in Tech,3baacb
2020-04-06,8254,6,107,9902,XWPvmlvYw-E,6.898550724637682,Holds Each Cheek Separately - This Week in Tech 765,80,1,This Week in Tech,3baacc
2020-04-06,8254,6,107,9902,XWPvmlvYw-E,6.898550724637682,Holds Each Cheek Separately - This Week in Tech 765,80,1,This Week in Tech,3bab
2020-04-12,8146,13,130,9883,sz6NpsCc2-o,6.208695652173914,"Zoom, But Use Protection - This Week in Tech 766",72,1,This Week in Tech,3baba
2020-04-19,9088,5,272,7637,iDzjbL5jTj8,5.95,Fifteen Years Later - This Week in Tech 767,69,1,This Week in Tech,3babaa
2020-04-06,8254,6,107,9902,XWPvmlvYw-E,6.898550724637682,Holds Each Cheek Separately - This Week in Tech 765,80,1,This Week in Tech,3babab
2020-04-26,855,1,37,10716,PeoWMRVHuQk,2.414492753623188,Steer Into the Skid - This Week in Tech 768,28,1,This Week in Tech,3babac
2020-03-31,6537,7,125,6903,HFbkzd6lGHc,2.759420289855072,Drunk With Conviction - MacBreak Weekly 707,32,1,MacBreak Weekly,3babb
2020-04-06,8254,6,107,9902,XWPvmlvYw-E,6.898550724637682,Holds Each Cheek Separately - This Week in Tech 765,80,1,This Week in Tech,3babba
2020-04-10,2567,6,71,3969,pbOoedDMmTM,0.9485507246376811,"4th TWiT AMA With Jason, Andy, & Jeff",11,1,TWiT Tech Podcast Network,3babbb
2020-04-07,5716,6,112,6438,I04PvSs3bik,1.379710144927536,Another Brick in My Backpack - MacBreak Weekly 708,16,1,MacBreak Weekly,3babbc
2020-03-23,6389,3,115,8777,2uE6GM0A8b4,6.208695652173914,Ghost Finger - This Week in Tech 763,72,1,This Week in Tech,3babc
2020-03-15,7546,7,141,8406,lmh7Kao-kzs,2.759420289855072,Synthetic Chris Evans - This Week in Tech 762,32,1,This Week in Tech,3babca
2020-03-29,6203,18,98,8226,nzcLiG4S2So,3.104347826086957,Tech Support in Tights - This Week in Tech 764,36,1,This Week in Tech,3babcb
2020-02-16,6444,9,97,9052,e-DH376r13c,2.069565217391304,Facemasks and Fear - This Week in Tech 758,24,1,This Week in Tech,3babcc
2020-03-23,6389,3,115,8777,2uE6GM0A8b4,6.208695652173914,Ghost Finger - This Week in Tech 763,72,1,This Week in Tech,3bac
2020-03-15,7546,7,141,8406,lmh7Kao-kzs,2.759420289855072,Synthetic Chris Evans - This Week in Tech 762,32,1,This Week in Tech,3baca
2020-03-23,6389,3,115,8777,2uE6GM0A8b4,6.208695652173914,Ghost Finger - This Week in Tech 763,72,1,This Week in Tech,3bacaa
2020-03-29,6203,18,98,8226,nzcLiG4S2So,3.104347826086957,Tech Support in Tights - This Week in Tech 764,36,1,This Week in Tech,3bacab
2020-03-10,4165,6,69,7604,GDqTTaUciqo,0.6898550724637681,Bagel Philanthropy - MacBreak Weekly 704,8,1,MacBreak Weekly,3bacac
2020-03-29,6203,18,98,8226,nzcLiG4S2So,3.104347826086957,Tech Support in Tights - This Week in Tech 764,36,1,This Week in Tech,3bacb
2020-03-23,6389,3,115,8777,2uE6GM0A8b4,6.208695652173914,Ghost Finger - This Week in Tech 763,72,1,This Week in Tech,3bacba
2020-04-06,8254,6,107,9902,XWPvmlvYw-E,6.898550724637682,Holds Each Cheek Separately - This Week in Tech 765,80,1,This Week in Tech,3bacbb
2020-03-15,7546,7,141,8406,lmh7Kao-kzs,2.759420289855072,Synthetic Chris Evans - This Week in Tech 762,32,1,This Week in Tech,3bacbc
2020-02-16,6444,9,97,9052,e-DH376r13c,2.069565217391304,Facemasks and Fear - This Week in Tech 758,24,1,This Week in Tech,3bacc
2020-02-23,5934,11,107,7191,fl37r_kUVA8,0.517391304347826,Never Gonna Give You Up - This Week in Tech 759,6,1,This Week in Tech,3bacca
2020-03-29,6203,18,98,8226,nzcLiG4S2So,3.104347826086957,Tech Support in Tights - This Week in Tech 764,36,1,This Week in Tech,3baccb
2020-02-16,3053,3,64,7843,eM66BGiI-SA,0.517391304347826,Leo Laporte - The Tech Guy: 1670,6,1,The Tech Guy,3baccc
,-1,-1,-1,-1,-TW0cyZ8RHs,2.845652173913043,,33,1,,3bb
2020-04-04,6490,6,236,596,ccJ6sPJWmHs,3.104347826086957,Zoom Video Conferencing Security,36,1,TWiT Tech Podcast Network,3bc
2020-04-21,1628,5,65,1035,Z3l-eQ5LSLo,1.465942028985507,Zoom's Security Fix Team,17,1,TWiT Tech Podcast Network,3bca
2020-04-04,6490,6,236,596,ccJ6sPJWmHs,3.104347826086957,Zoom Video Conferencing Security,36,1,TWiT Tech Podcast Network,3bcaa
2020-04-21,1628,5,65,1035,Z3l-eQ5LSLo,1.465942028985507,Zoom's Security Fix Team,17,1,TWiT Tech Podcast Network,3bcaaa
2020-03-31,-1,56,589,0,txpxZDOp42o,4.828985507246377,TWiT Live,56,1,TWiT Tech Podcast Network,3bcaab
2020-04-07,10,16,254,1397,hu2-TS_9mxE,1.465942028985507,Zoom is a Security Nightmare,17,1,TWiT Tech Podcast Network,3bcaac
2020-03-31,-1,56,589,0,txpxZDOp42o,4.828985507246377,TWiT Live,56,1,TWiT Tech Podcast Network,3bcab
2020-04-19,9088,5,272,7637,iDzjbL5jTj8,5.95,Fifteen Years Later - This Week in Tech 767,69,1,This Week in Tech,3bcaba
,-1,-1,-1,-1,-TW0cyZ8RHs,2.845652173913043,,33,1,,3bcabb
2020-04-04,6490,6,236,596,ccJ6sPJWmHs,3.104347826086957,Zoom Video Conferencing Security,36,1,TWiT Tech Podcast Network,3bcabc
2020-04-21,2916,21,90,1345,AbnNXzl8O5U,0.7760869565217391,iPhone SE Beats Android Phones in Every Way Except the Camera,9,1,TWiT Tech Podcast Network,3bcac
,-1,-1,-1,-1,ERE13VTnBzc,0.34492753623188405,,4,1,,3bcaca
2020-03-31,-1,56,589,0,txpxZDOp42o,4.828985507246377,TWiT Live,56,1,TWiT Tech Podcast Network,3bcacb
2020-04-26,855,1,37,10716,PeoWMRVHuQk,2.414492753623188,Steer Into the Skid - This Week in Tech 768,28,1,This Week in Tech,3bcacc
2020-03-31,-1,56,589,0,txpxZDOp42o,4.828985507246377,TWiT Live,56,1,TWiT Tech Podcast Network,3bcb
2020-04-19,9088,5,272,7637,iDzjbL5jTj8,5.95,Fifteen Years Later - This Week in Tech 767,69,1,This Week in Tech,3bcba
2020-04-12,8146,13,130,9883,sz6NpsCc2-o,6.208695652173914,"Zoom, But Use Protection - This Week in Tech 766",72,1,This Week in Tech,3bcbaa
2020-04-06,8254,6,107,9902,XWPvmlvYw-E,6.898550724637682,Holds Each Cheek Separately - This Week in Tech 765,80,1,This Week in Tech,3bcbab
2020-03-23,6389,3,115,8777,2uE6GM0A8b4,6.208695652173914,Ghost Finger - This Week in Tech 763,72,1,This Week in Tech,3bcbac
,-1,-1,-1,-1,-TW0cyZ8RHs,2.845652173913043,,33,1,,3bcbb
2020-04-04,6490,6,236,596,ccJ6sPJWmHs,3.104347826086957,Zoom Video Conferencing Security,36,1,TWiT Tech Podcast Network,3bcbc
2020-04-21,1628,5,65,1035,Z3l-eQ5LSLo,1.465942028985507,Zoom's Security Fix Team,17,1,TWiT Tech Podcast Network,3bcbca
2020-03-31,-1,56,589,0,txpxZDOp42o,4.828985507246377,TWiT Live,56,1,TWiT Tech Podcast Network,3bcbcb
2020-04-07,10,16,254,1397,hu2-TS_9mxE,1.465942028985507,Zoom is a Security Nightmare,17,1,TWiT Tech Podcast Network,3bcbcc
2020-04-07,10,16,254,1397,hu2-TS_9mxE,1.465942028985507,Zoom is a Security Nightmare,17,1,TWiT Tech Podcast Network,3bcc
2020-04-07,5716,6,112,6438,I04PvSs3bik,1.379710144927536,Another Brick in My Backpack - MacBreak Weekly 708,16,1,MacBreak Weekly,3bcca
2020-03-31,6537,7,125,6903,HFbkzd6lGHc,2.759420289855072,Drunk With Conviction - MacBreak Weekly 707,32,1,MacBreak Weekly,3bccaa
2020-04-14,4954,9,93,7744,vEdj0valqDI,0.43115942028985504,Masks and Meringue - MacBreak Weekly 709,5,1,MacBreak Weekly,3bccab
2020-04-19,9088,5,272,7637,iDzjbL5jTj8,5.95,Fifteen Years Later - This Week in Tech 767,69,1,This Week in Tech,3bccac
2020-03-31,-1,56,589,0,txpxZDOp42o,4.828985507246377,TWiT Live,56,1,TWiT Tech Podcast Network,3bccb
2020-04-19,9088,5,272,7637,iDzjbL5jTj8,5.95,Fifteen Years Later - This Week in Tech 767,69,1,This Week in Tech,3bccba
,-1,-1,-1,-1,-TW0cyZ8RHs,2.845652173913043,,33,1,,3bccbb
2020-04-04,6490,6,236,596,ccJ6sPJWmHs,3.104347826086957,Zoom Video Conferencing Security,36,1,TWiT Tech Podcast Network,3bccbc
2020-04-12,8146,13,130,9883,sz6NpsCc2-o,6.208695652173914,"Zoom, But Use Protection - This Week in Tech 766",72,1,This Week in Tech,3bccc
2020-04-19,9088,5,272,7637,iDzjbL5jTj8,5.95,Fifteen Years Later - This Week in Tech 767,69,1,This Week in Tech,3bccca
2020-04-06,8254,6,107,9902,XWPvmlvYw-E,6.898550724637682,Holds Each Cheek Separately - This Week in Tech 765,80,1,This Week in Tech,3bcccb
2020-04-26,855,1,37,10716,PeoWMRVHuQk,2.414492753623188,Steer Into the Skid - This Week in Tech 768,28,1,This Week in Tech,3bcccc
2020-04-23,1755,3,100,669,270bJNddq_c,0.08623188405797101,EARN IT Act: Call Your Senator Before It Is Too Late!,1,5,TWiT Tech Podcast Network,3c
2020-03-17,3888,3,187,588,Uw53WrkN_BI,0.34492753623188405,The EARN IT Act Will Kill Encryption,4,1,TWiT Tech Podcast Network,3ca
2020-03-18,2797,3,106,314,j8JDFphQnhk,0.258695652173913,The EARN IT Act Will Kill Section 230 Protection,3,1,TWiT Tech Podcast Network,3caa
2020-03-17,3888,3,187,588,Uw53WrkN_BI,0.34492753623188405,The EARN IT Act Will Kill Encryption,4,1,TWiT Tech Podcast Network,3caaa
2020-03-18,2797,3,106,314,j8JDFphQnhk,0.258695652173913,The EARN IT Act Will Kill Section 230 Protection,3,1,TWiT Tech Podcast Network,3caaaa
2020-03-31,-1,56,589,0,txpxZDOp42o,4.828985507246377,TWiT Live,56,1,TWiT Tech Podcast Network,3caaab
2020-03-24,1433,1,54,919,MgDOXNh7jDY,0.258695652173913,Two New Unpatched Windows 0-Days,3,1,TWiT Tech Podcast Network,3caaac
2020-03-31,-1,56,589,0,txpxZDOp42o,4.828985507246377,TWiT Live,56,1,TWiT Tech Podcast Network,3caab
2020-04-19,9088,5,272,7637,iDzjbL5jTj8,5.95,Fifteen Years Later - This Week in Tech 767,69,1,This Week in Tech,3caaba
,-1,-1,-1,-1,-TW0cyZ8RHs,2.845652173913043,,33,1,,3caabb
2020-04-04,6490,6,236,596,ccJ6sPJWmHs,3.104347826086957,Zoom Video Conferencing Security,36,1,TWiT Tech Podcast Network,3caabc
2020-03-11,6093,5,196,393,AiFLlaeB1zA,0.17246376811594202,The EARN IT Act: A Sneaky Way to Kill Encryption,2,2,TWiT Tech Podcast Network,3caac
2020-03-17,3888,3,187,588,Uw53WrkN_BI,0.34492753623188405,The EARN IT Act Will Kill Encryption,4,1,TWiT Tech Podcast Network,3caaca
2020-03-31,-1,56,589,0,txpxZDOp42o,4.828985507246377,TWiT Live,56,1,TWiT Tech Podcast Network,3caacb
2017-03-30,365,134,8975,492,jkV1KEJGKRA,0.08623188405797101,End to End Encryption (E2EE) - Computerphile,1,1,Computerphile,3caacc
2020-03-31,-1,56,589,0,txpxZDOp42o,4.828985507246377,TWiT Live,56,1,TWiT Tech Podcast Network,3cab
2020-04-19,9088,5,272,7637,iDzjbL5jTj8,5.95,Fifteen Years Later - This Week in Tech 767,69,1,This Week in Tech,3caba
2020-04-12,8146,13,130,9883,sz6NpsCc2-o,6.208695652173914,"Zoom, But Use Protection - This Week in Tech 766",72,1,This Week in Tech,3cabaa
2020-04-06,8254,6,107,9902,XWPvmlvYw-E,6.898550724637682,Holds Each Cheek Separately - This Week in Tech 765,80,1,This Week in Tech,3cabab
2020-03-23,6389,3,115,8777,2uE6GM0A8b4,6.208695652173914,Ghost Finger - This Week in Tech 763,72,1,This Week in Tech,3cabac
,-1,-1,-1,-1,-TW0cyZ8RHs,2.845652173913043,,33,1,,3cabb
2020-04-04,6490,6,236,596,ccJ6sPJWmHs,3.104347826086957,Zoom Video Conferencing Security,36,1,TWiT Tech Podcast Network,3cabc
2020-04-21,1628,5,65,1035,Z3l-eQ5LSLo,1.465942028985507,Zoom's Security Fix Team,17,1,TWiT Tech Podcast Network,3cabca
2020-03-31,-1,56,589,0,txpxZDOp42o,4.828985507246377,TWiT Live,56,1,TWiT Tech Podcast Network,3cabcb
2020-04-07,10,16,254,1397,hu2-TS_9mxE,1.465942028985507,Zoom is a Security Nightmare,17,1,TWiT Tech Podcast Network,3cabcc
2020-03-24,1433,1,54,919,MgDOXNh7jDY,0.258695652173913,Two New Unpatched Windows 0-Days,3,1,TWiT Tech Podcast Network,3cac
2019-12-10,5037,7,143,6660,WH_U-4As1PQ,0.34492753623188405,VPN-geddon Denied - Security Now 744,4,2,Security Now,3caca
2020-03-17,4509,7,112,7630,NeAMoRA7JOU,0.08623188405797101,The SMBGhost Fiasco - Security Now 758,1,1,Security Now,3cacaa
2019-12-17,4200,3,99,7407,gC675IXJvnA,0.08623188405797101,PlunderVolt - Security Now 745,1,1,Security Now,3cacab
2020-01-07,4232,2,110,7716,VDmRyvayK1I,0.08623188405797101,Our Malware Lexicon - Security Now 748,1,1,Security Now,3cacac
2020-03-31,-1,56,589,0,txpxZDOp42o,4.828985507246377,TWiT Live,56,1,TWiT Tech Podcast Network,3cacb
2020-04-19,9088,5,272,7637,iDzjbL5jTj8,5.95,Fifteen Years Later - This Week in Tech 767,69,1,This Week in Tech,3cacba
,-1,-1,-1,-1,-TW0cyZ8RHs,2.845652173913043,,33,1,,3cacbb
2020-04-04,6490,6,236,596,ccJ6sPJWmHs,3.104347826086957,Zoom Video Conferencing Security,36,1,TWiT Tech Podcast Network,3cacbc
2020-03-20,6417,5,166,6057,5l_u8kvwC94,0.34492753623188405,First AMA With Network Hosts,4,1,TWiT Tech Podcast Network,3cacc
2020-04-26,535,2,28,6998,AqW_LNxEbGA,0.258695652173913,Leo Laporte - The Tech Guy: 1690,3,1,The Tech Guy,3cacca
2020-03-31,-1,56,589,0,txpxZDOp42o,4.828985507246377,TWiT Live,56,1,TWiT Tech Podcast Network,3caccb
2020-04-10,2567,6,71,3969,pbOoedDMmTM,0.9485507246376811,"4th TWiT AMA With Jason, Andy, & Jeff",11,1,TWiT Tech Podcast Network,3caccc
2020-03-31,-1,56,589,0,txpxZDOp42o,4.828985507246377,TWiT Live,56,1,TWiT Tech Podcast Network,3cb
2020-04-19,9088,5,272,7637,iDzjbL5jTj8,5.95,Fifteen Years Later - This Week in Tech 767,69,1,This Week in Tech,3cba
2020-04-12,8146,13,130,9883,sz6NpsCc2-o,6.208695652173914,"Zoom, But Use Protection - This Week in Tech 766",72,1,This Week in Tech,3cbaa
2020-04-19,9088,5,272,7637,iDzjbL5jTj8,5.95,Fifteen Years Later - This Week in Tech 767,69,1,This Week in Tech,3cbaaa
2020-04-06,8254,6,107,9902,XWPvmlvYw-E,6.898550724637682,Holds Each Cheek Separately - This Week in Tech 765,80,1,This Week in Tech,3cbaab
2020-04-26,855,1,37,10716,PeoWMRVHuQk,2.414492753623188,Steer Into the Skid - This Week in Tech 768,28,1,This Week in Tech,3cbaac
2020-04-06,8254,6,107,9902,XWPvmlvYw-E,6.898550724637682,Holds Each Cheek Separately - This Week in Tech 765,80,1,This Week in Tech,3cbab
2020-04-12,8146,13,130,9883,sz6NpsCc2-o,6.208695652173914,"Zoom, But Use Protection - This Week in Tech 766",72,1,This Week in Tech,3cbaba
2020-03-31,6537,7,125,6903,HFbkzd6lGHc,2.759420289855072,Drunk With Conviction - MacBreak Weekly 707,32,1,MacBreak Weekly,3cbabb
2020-03-23,6389,3,115,8777,2uE6GM0A8b4,6.208695652173914,Ghost Finger - This Week in Tech 763,72,1,This Week in Tech,3cbabc
2020-03-23,6389,3,115,8777,2uE6GM0A8b4,6.208695652173914,Ghost Finger - This Week in Tech 763,72,1,This Week in Tech,3cbac
2020-03-15,7546,7,141,8406,lmh7Kao-kzs,2.759420289855072,Synthetic Chris Evans - This Week in Tech 762,32,1,This Week in Tech,3cbaca
2020-03-29,6203,18,98,8226,nzcLiG4S2So,3.104347826086957,Tech Support in Tights - This Week in Tech 764,36,1,This Week in Tech,3cbacb
2020-02-16,6444,9,97,9052,e-DH376r13c,2.069565217391304,Facemasks and Fear - This Week in Tech 758,24,1,This Week in Tech,3cbacc
,-1,-1,-1,-1,-TW0cyZ8RHs,2.845652173913043,,33,1,,3cbb
2020-04-04,6490,6,236,596,ccJ6sPJWmHs,3.104347826086957,Zoom Video Conferencing Security,36,1,TWiT Tech Podcast Network,3cbc
2020-04-21,1628,5,65,1035,Z3l-eQ5LSLo,1.465942028985507,Zoom's Security Fix Team,17,1,TWiT Tech Podcast Network,3cbca
2020-04-04,6490,6,236,596,ccJ6sPJWmHs,3.104347826086957,Zoom Video Conferencing Security,36,1,TWiT Tech Podcast Network,3cbcaa
2020-03-31,-1,56,589,0,txpxZDOp42o,4.828985507246377,TWiT Live,56,1,TWiT Tech Podcast Network,3cbcab
2020-04-21,2916,21,90,1345,AbnNXzl8O5U,0.7760869565217391,iPhone SE Beats Android Phones in Every Way Except the Camera,9,1,TWiT Tech Podcast Network,3cbcac
2020-03-31,-1,56,589,0,txpxZDOp42o,4.828985507246377,TWiT Live,56,1,TWiT Tech Podcast Network,3cbcb
2020-04-19,9088,5,272,7637,iDzjbL5jTj8,5.95,Fifteen Years Later - This Week in Tech 767,69,1,This Week in Tech,3cbcba
,-1,-1,-1,-1,-TW0cyZ8RHs,2.845652173913043,,33,1,,3cbcbb
2020-04-04,6490,6,236,596,ccJ6sPJWmHs,3.104347826086957,Zoom Video Conferencing Security,36,1,TWiT Tech Podcast Network,3cbcbc
2020-04-07,10,16,254,1397,hu2-TS_9mxE,1.465942028985507,Zoom is a Security Nightmare,17,1,TWiT Tech Podcast Network,3cbcc
2020-04-07,5716,6,112,6438,I04PvSs3bik,1.379710144927536,Another Brick in My Backpack - MacBreak Weekly 708,16,1,MacBreak Weekly,3cbcca
2020-03-31,-1,56,589,0,txpxZDOp42o,4.828985507246377,TWiT Live,56,1,TWiT Tech Podcast Network,3cbccb
2020-04-12,8146,13,130,9883,sz6NpsCc2-o,6.208695652173914,"Zoom, But Use Protection - This Week in Tech 766",72,1,This Week in Tech,3cbccc
2020-03-20,6417,5,166,6057,5l_u8kvwC94,0.34492753623188405,First AMA With Network Hosts,4,1,TWiT Tech Podcast Network,3cc
2020-04-26,535,2,28,6998,AqW_LNxEbGA,0.258695652173913,Leo Laporte - The Tech Guy: 1690,3,1,The Tech Guy,3cca
,-1,-1,-1,-1,-TW0cyZ8RHs,2.845652173913043,,33,1,,3ccaa
2020-04-19,2943,2,81,8149,4HLLDqmkWn4,0.258695652173913,Leo Laporte - The Tech Guy: 1688,3,2,The Tech Guy,3ccab
,-1,-1,-1,-1,-TW0cyZ8RHs,2.845652173913043,,33,1,,3ccaba
2020-04-25,2161,5,69,8459,HhMObEBfTTQ,0.08623188405797101,Leo Laporte - The Tech Guy: 1689,1,1,The Tech Guy,3ccabb
2020-04-19,9088,5,272,7637,iDzjbL5jTj8,5.95,Fifteen Years Later - This Week in Tech 767,69,1,This Week in Tech,3ccabc
2020-04-05,3438,4,73,7342,3xBahKapmnE,0.34492753623188405,Leo Laporte - The Tech Guy: 1684,4,2,The Tech Guy,3ccac
2020-04-05,3357,4,93,7984,_fpYkovH1Hg,0.17246376811594202,Leo Laporte - The Tech Guy: 1683,2,1,The Tech Guy,3ccaca
2020-04-11,3365,4,62,7837,-CYM5A-Ap4I,0.08623188405797101,Leo Laporte - The Tech Guy: 1685,1,1,The Tech Guy,3ccacb
2020-03-29,2975,4,74,7403,dVvutMa9xf8,0.08623188405797101,Leo Laporte - The Tech Guy: 1682,1,1,The Tech Guy,3ccacc
2020-03-31,-1,56,589,0,txpxZDOp42o,4.828985507246377,TWiT Live,56,1,TWiT Tech Podcast Network,3ccb
2020-04-19,9088,5,272,7637,iDzjbL5jTj8,5.95,Fifteen Years Later - This Week in Tech 767,69,1,This Week in Tech,3ccba
2020-04-12,8146,13,130,9883,sz6NpsCc2-o,6.208695652173914,"Zoom, But Use Protection - This Week in Tech 766",72,1,This Week in Tech,3ccbaa
2020-04-06,8254,6,107,9902,XWPvmlvYw-E,6.898550724637682,Holds Each Cheek Separately - This Week in Tech 765,80,1,This Week in Tech,3ccbab
2020-03-23,6389,3,115,8777,2uE6GM0A8b4,6.208695652173914,Ghost Finger - This Week in Tech 763,72,1,This Week in Tech,3ccbac
,-1,-1,-1,-1,-TW0cyZ8RHs,2.845652173913043,,33,1,,3ccbb
2020-04-04,6490,6,236,596,ccJ6sPJWmHs,3.104347826086957,Zoom Video Conferencing Security,36,1,TWiT Tech Podcast Network,3ccbc
2020-04-21,1628,5,65,1035,Z3l-eQ5LSLo,1.465942028985507,Zoom's Security Fix Team,17,1,TWiT Tech Podcast Network,3ccbca
2020-03-31,-1,56,589,0,txpxZDOp42o,4.828985507246377,TWiT Live,56,1,TWiT Tech Podcast Network,3ccbcb
2020-04-07,10,16,254,1397,hu2-TS_9mxE,1.465942028985507,Zoom is a Security Nightmare,17,1,TWiT Tech Podcast Network,3ccbcc
2020-04-10,2567,6,71,3969,pbOoedDMmTM,0.9485507246376811,"4th TWiT AMA With Jason, Andy, & Jeff",11,1,TWiT Tech Podcast Network,3ccc
2020-03-27,3109,1,67,4029,D1eGKYfpO3k,0.34492753623188405,Another AMA With TWIT Hosts,4,2,TWiT Tech Podcast Network,3ccca
2020-03-20,6417,5,166,6057,5l_u8kvwC94,0.34492753623188405,First AMA With Network Hosts,4,1,TWiT Tech Podcast Network,3cccaa
2020-03-31,-1,56,589,0,txpxZDOp42o,4.828985507246377,TWiT Live,56,1,TWiT Tech Podcast Network,3cccab
,-1,-1,-1,-1,_uWlGvZfQoI,0.08623188405797101,,1,1,,3cccac
2020-03-31,-1,56,589,0,txpxZDOp42o,4.828985507246377,TWiT Live,56,1,TWiT Tech Podcast Network,3cccb
2020-04-19,9088,5,272,7637,iDzjbL5jTj8,5.95,Fifteen Years Later - This Week in Tech 767,69,1,This Week in Tech,3cccba
,-1,-1,-1,-1,-TW0cyZ8RHs,2.845652173913043,,33,1,,3cccbb
2020-04-04,6490,6,236,596,ccJ6sPJWmHs,3.104347826086957,Zoom Video Conferencing Security,36,1,TWiT Tech Podcast Network,3cccbc
,-1,-1,-1,-1,rmS3wttFa68,0.34492753623188405,,4,2,,3cccc
